   Compiling agentmage-kernel-engine v0.0.0 (<repo>/kernel/engine)
    Finished `test` profile [unoptimized + debuginfo] target(s) in 5.40s
     Running unittests src/lib.rs (target/debug/deps/agentmage_kernel_engine-9b341475fdc661f2)

running 1369 tests
test accounting_provider::tests::removal_and_absence ... ok
test accounting_provider::tests::unknown_never_retries ... ok
test accounting_provider::tests::exact_write ... ok
test accounting_provider::tests::closed_and_money_fail ... ok
test action_history::tests::an_action_is_kept_with_its_authorization_effect_outcome_and_evidence ... ok
test action_history::tests::an_expired_place_replaced_by_another_breaks_the_next_link ... ok
test action_history::tests::malformed_digests_times_and_evidence_are_refused_and_change_nothing ... ok
test action_history::tests::an_expired_entry_keeps_only_its_place_and_the_chain_still_replays ... ok
test action_history::tests::a_tampered_reordered_truncated_or_foreign_chain_is_refused ... ok
test action_history::tests::an_export_covers_exactly_the_requested_positions ... ok
test action_history::tests::retained_positions_cross_json_closed_and_replay_unchanged ... ok
test action_history::tests::the_export_rescan_withholds_a_secret_that_reached_the_history ... ok
test actual_budget_adapter::tests::exact_versions_are_required_before_registration ... ok
test actual_budget_adapter::tests::backup_rehearsal_and_removal_are_exact ... ok
test actual_budget_adapter::tests::wrong_budget_stale_revision_and_duplicate_fail_closed ... ok
test actual_budget_adapter::tests::only_non_money_movement_operations_exist ... ok
test action_history::tests::secrets_and_raw_prompts_are_replaced_before_they_are_kept_or_exported ... ok
test advisory_policy::tests::task_12_2_2_3_combinations_normalize_without_broadening ... ok
test advisory_policy::tests::task_12_2_2_3_each_advisory_disposition_only_restricts_or_escalates ... ok
test action_history::tests::replay_refuses_an_entry_that_append_could_not_have_kept ... ok
test advisory_policy::tests::task_12_2_2_3_incomplete_classifier_states_cannot_change_boundary ... ok
test advisory_policy::tests::task_12_2_2_3_malformed_duplicate_or_oversized_results_are_inert ... ok
test advisory_policy::tests::task_12_2_2_3_task_action_and_fact_identity_must_match_clearance ... ok
test advisory_policy::tests::task_12_2_2_4_classifier_dispositions_cannot_weaken_failure_action ... ok
test advisory_policy::tests::task_12_2_2_3_prohibited_authority_fields_and_denial_override_are_impossible ... ok
test advisory_policy::tests::task_12_2_2_4_complete_results_cannot_enter_failure_mapping ... ok
test advisory_policy::tests::task_12_2_2_4_confidence_never_changes_failure_mapping ... ok
test advisory_policy::tests::task_12_2_2_4_every_incomplete_state_has_one_exact_safe_action ... ok
test advisory_policy::tests::d027_s12_classification_context_remains_deterministic_and_bounded ... ok
test advisory_policy::tests::task_12_2_2_4_failure_decisions_are_reproducible_and_non_authoritative ... ok
test advisory_policy::tests::task_12_2_2_4_failure_mapping_requires_exact_clearance_identity ... ok
test agent_ceiling::tests::task_12_2_1_3_counter_overflow_terminates_without_usage_mutation ... ok
test agent_ceiling::tests::task_12_2_1_3_first_terminal_result_is_sticky ... ok
test agent_ceiling::tests::d027_s12_state_every_ceiling_has_one_sticky_terminal_result ... ok
test agent_ceiling::tests::task_12_2_1_3_incomplete_duplicate_or_zero_profiles_fail_closed ... ok
test agent_ceiling::tests::task_12_2_1_3_every_ceiling_is_inclusive_then_terminal ... ok
test agent_ceiling::tests::task_12_2_1_3_usage_is_deterministic_across_event_partitioning ... ok
test agent_profiles::tests::a_non_synthetic_dependency_blocks_the_run ... ok
test agent_ceiling::tests::task_12_2_1_3_no_progress_stalls_and_other_exhaustion_is_exact ... ok
test agent_profiles::tests::invalid_and_self_expanding_definitions_fail_closed ... ok
test agent_profiles::tests::review_roles_require_independent_review_and_every_role_requires_user_review ... ok
test agent_profiles::tests::registration_is_inert_and_exact ... ok
test agent_profiles::tests::wizard_surfaces_missing_contracts ... ok
test agent_profiles::tests::synthetic_run_reports_all_five_states_and_no_effect_or_enablement ... ok
test agent_progress::tests::competing_running_step_and_illegal_transition_preserve_history ... ok
test agent_progress::tests::final_response_states_are_explicit_and_completion_requires_evidence ... ok
test agent_progress::tests::interruption_material_is_required_only_for_interrupting_messages ... ok
test agent_progress::tests::one_active_step_dependencies_history_events_and_status_are_exact ... ok
test agent_progress::tests::status_query_is_non_interrupting_and_replace_or_extend_cancels_descendants ... ok
test agent_proposal::tests::d027_s12_state_duplicate_and_competing_proposals_never_replace_admission ... ok
test agent_proposal::tests::task_12_2_1_2_every_bound_identity_mismatch_fails_without_mutation ... ok
test agent_proposal::tests::task_12_2_1_2_invalid_context_and_candidate_never_enter_registry ... ok
test agent_proposal::tests::task_12_2_1_2_exact_proposal_round_trips_and_binds_every_identity ... ok
test agent_proposal::tests::task_12_2_1_2_replay_and_competing_proposals_have_exact_results ... ok
test agent_proposal::tests::task_12_2_1_2_stale_and_future_turns_are_inert ... ok
test agent_restart::tests::task_12_2_1_5_completed_consumed_grant_and_receipt_reconcile_exactly ... ok
test agent_restart::tests::task_12_2_1_5_every_current_context_identity_must_match ... ok
test agent_restart::tests::d027_s12_restart_before_and_after_every_state_edge_reconciles_exactly ... ok
test agent_restart::tests::task_12_2_1_5_exact_reconciliation_unlocks_one_restored_controller ... ok
test agent_proposal::tests::task_12_2_1_2_malformed_partial_duplicate_unknown_and_oversized_are_inert ... ok
test agent_restart::tests::task_12_2_1_5_pending_or_consumed_authority_blocks_resume ... ok
test agent_restart::tests::task_12_2_1_5_launched_reconciling_or_uncertain_effects_never_resume ... ok
test agent_restart::tests::task_12_2_1_5_receipt_replay_tampering_and_permit_mismatch_fail_closed ... ok
test agent_runtime::tests::budget_exhaustion_is_sticky_and_stops_before_later_phases ... ok
test agent_runtime::tests::every_phase_rejects_out_of_order_calls_without_budget_or_state_change ... ok
test agent_runtime::tests::observe_plan_act_review_is_bounded_configuration_bound_and_non_authoritative ... ok
test agent_runtime::tests::missing_mandatory_stop_or_budget_contract_fails_at_construction ... ok
test agent_runtime::tests::only_newer_evidence_complete_packet_can_stop_as_acceptance_satisfied ... ok
test agent_runtime::tests::s_012_ut01_budget_boundary_is_inclusive_and_overage_is_sticky ... ok
test advisory_policy::tests::d027_s12_classifier_1280_outputs_never_broaden_authority_or_complete ... ok
test agent_runtime::tests::review_identity_and_typed_outcomes_cannot_become_progress ... ok
test agent_runtime::tests::s_012_ut01_plan_revisions_advance_once_and_fail_without_mutation ... ok
test agent_runtime::tests::action_schema_task_state_step_and_model_availability_fail_before_accounting ... ok
test agent_runtime::tests::user_decision_action_stops_without_pending_review_or_tool_execution ... ok
test agent_state::tests::d027_s12_state_every_graph_pair_and_controller_disposition_is_exact ... ok
test agent_state::tests::task_12_2_1_1_every_state_pair_has_one_deterministic_disposition ... ok
test agent_state::tests::task_12_2_1_1_ordinary_transition_cannot_claim_success ... ok
test agent_runtime::tests::s_012_ut01_rejects_empty_and_oversized_objectives_deterministically ... ok
test agent_state::tests::task_12_2_1_1_revisions_and_history_are_append_only ... ok
test agent_state::tests::task_12_2_1_1_state_catalog_and_wire_names_are_exact ... ok
test agent_state::tests::task_12_2_1_1_success_edges_exist_but_have_no_ordinary_route ... ok
test agent_state::tests::task_12_2_1_1_terminal_states_are_sticky ... ok
test agent_verifier::tests::d027_s12_restart_verifier_proof_loss_never_creates_false_success ... ok
test agent_verifier::tests::d027_s12_state_false_completion_sources_produce_no_verified_success ... ok
test agent_verifier::tests::task_12_2_1_4_all_advisory_sources_are_inert_completion_evidence ... ok
test agent_verifier::tests::task_12_2_1_4_every_context_identity_drift_is_rejected ... ok
test agent_verifier::tests::task_12_2_1_4_incomplete_failed_stale_or_reordered_evidence_fails_closed ... ok
test agent_verifier::tests::task_12_2_1_4_exact_typed_success_is_the_only_success_route ... ok
test agent_verifier::tests::task_12_2_1_4_no_op_requires_the_same_deterministic_verification ... ok
test agent_verifier::tests::task_12_2_1_4_stale_or_reused_completion_proofs_cannot_complete ... ok
test approval::tests::malformed_call_wildcard_scope_and_mismatched_confirmation_fail_closed ... ok
test approval::tests::every_exact_display_mutation_invalidates_confirmation ... ok
test artifact_promotion::tests::changed_mapping_or_hidden_effect_is_denied ... ok
test approval::tests::rendering_is_deterministic_exact_and_always_non_authoritative ... ok
test artifact_promotion::tests::downloads_are_digest_bounded_and_binary_inert ... ok
test artifact_promotion::tests::exact_digest_promotion_is_admitted_once ... ok
test attachment::tests::every_format_has_one_explicit_nonexecuting_parser_disposition ... ok
test agent_runtime::tests::s_012_ut01_stop_conditions_and_completion_claims_are_typed ... ok
test attachment::tests::exact_captured_attachment_resolves_and_retains_no_content ... ok
test attachment::tests::foreign_workspace_handle_and_adapter_fail_before_resolution ... ok
test attachment::tests::adapter_refusal_and_missing_or_changed_preimage_fail_closed ... ok
test attachment::tests::metadata_and_resolution_records_cannot_become_authority ... ok
test authority::tests::attributed_denial_receipt_has_no_success_or_candidate_content ... ok
test authority::tests::every_descriptive_family_is_sealed_as_non_authoritative ... ok
test authority::tests::authority_claims_in_text_plan_prompt_and_tool_definition_are_always_denied ... ok
test attachment::tests::malformed_missing_and_changed_provenance_fail_before_resolution ... ok
test authority_transaction::tests::consumed_launch_failure_is_terminal_and_non_replayable ... ok
test agent_runtime::tests::s_012_ut01_covers_every_legal_and_illegal_loop_transition ... ok
test authority_transaction::tests::consumed_permit_launches_only_for_the_exact_held_authorization_and_object ... ok
test authority_transaction::tests::cancellation_timeout_and_conflicting_duplicates_have_exact_semantics ... ok
test authority_transaction::tests::effect_start_and_terminal_receipt_events_reopen_with_exact_authority ... ok
test authority_transaction::tests::every_crash_boundary_recovers_without_replay_or_hidden_effects ... ok
test authority_transaction::tests::exact_success_uses_fixed_order_and_binds_receipt_to_every_identity ... ok
test authority_transaction::tests::committed_start_observation_precedes_body_and_refusal_cannot_launch_or_reuse ... ok
test authority_transaction::tests::missing_or_stale_grant_never_reaches_worker_launch ... ok
test authority_transaction::tests::network_permit_preserves_exact_evaluated_scope_and_denies_context_drift ... ok
test authority_transaction::tests::permit_lifetime_accessors_do_not_make_expired_authority_reach_a_driver ... ok
test authority_transaction::tests::permit_lifetime_uses_exact_consumption_clock_not_display_event_timestamp ... ok
test authority_transaction::tests::production_request_rejects_call_context_identity_drift ... ok
test authority_transaction::tests::receipt_sequence_is_hash_chained_and_terminal_recovery_is_idempotent ... ok
test authority_transaction::tests::failed_terminal_checkpoint_requires_restart_and_never_replays_effect ... ok
test authority_transaction::tests::research_start_binds_distinct_runtime_operation_and_call_without_equating_them ... ok
test authority_transaction::tests::research_start_rejects_actual_transaction_and_event_binding_substitutions ... ok
test authority_transaction::tests::research_start_requires_current_issued_hash_not_a_later_consumed_revision ... ok
test authority_transaction::tests::research_worker_task_binding_cannot_borrow_another_tasks_network_grant ... ok
test authority_transaction::tests::rejected_terminal_event_requires_recovery_without_a_false_completion_event ... ok
test authority_transaction::tests::transition_matrix_allows_only_the_declared_forward_edges ... ok
test autonomy_center::tests::authority_cross_product_exceeds_two_thousand ... ok
test autonomy_center::tests::emergency_disable_stops_new_writes ... ok
test autonomy_center::tests::mutations_stale_and_replay_fail_closed ... ok
test autonomy_center::tests::narrowest_policy_wins ... ok
test backup_migration::tests::complete_encrypted_backup_and_migration_are_admitted_without_activation ... ok
test backup_migration::tests::missing_domain_or_secret_export_fails_closed ... ok
test backup_migration::tests::unverified_restore_and_live_migration_replacement_fail_closed ... ok
test capability_lifecycle::tests::admission_does_not_enable_and_exact_resolution_blocks ... ok
test capability_lifecycle::tests::nine_candidates_are_exact_disabled_and_authority_free ... ok
test capability_lifecycle::tests::quarantine_disable_and_retirement_remove_invocation ... ok
test capability_lifecycle::tests::unqualified_dependency_and_authority_minting_fail_closed ... ok
test capability_registry::tests::manifest_cannot_invent_an_authority_class_or_exceed_team_limit ... ok
test capability_registry::tests::repository_review_executes_from_the_registered_manifest ... ok
test child_authority::tests::ancestor_controls_reach_every_descendant ... ok
test child_authority::tests::authority_is_exact_intersection_with_deny_precedence ... ok
test child_authority::tests::invalid_limits_and_paths_fail_closed ... ok
test child_authority::tests::results_are_untrusted_authority_free_proposals ... ok
test child_authority::tests::siblings_cannot_pool_or_collide ... ok
test ci_control::tests::exact_dispatch_is_admitted_once ... ok
test ci_control::tests::output_requires_bounds_scan_and_safe_archive ... ok
test ci_control::tests::stale_or_stronger_effect_is_denied ... ok
test claim_evidence::tests::claim_records_are_descriptive_and_cannot_grant_authority ... ok
test claim_evidence::tests::completion_requires_every_declared_verified_prerequisite ... ok
test claim_evidence::tests::every_material_claim_requires_its_exact_current_role_set ... ok
test claim_evidence::tests::final_response_rejects_omitted_unverified_reordered_or_duplicate_claims ... ok
test claim_evidence::tests::one_evidence_identity_cannot_be_reused_for_another_claim ... ok
test claim_evidence::tests::stale_wrong_kind_duplicate_and_extra_evidence_fail_closed ... ok
test cloud_continuity::tests::observer_is_structurally_separate ... ok
test cloud_continuity::tests::unknown_effect_cannot_retry ... ok
test cloud_delivery_correlation::tests::causal_injection_is_rejected ... ok
test cloud_delivery_correlation::tests::cited_statistical_view_is_not_causal ... ok
test cloud_delivery_correlation::tests::correlation_has_no_action_authority ... ok
test cloud_delivery_correlation::tests::identity_collision_is_rejected ... ok
test cloud_observer::tests::content_and_effects_are_inert ... ok
test cloud_observer::tests::exact_scope_and_limits ... ok
test cloud_observer::tests::partial_never_looks_complete ... ok
test cloud_observer::tests::removal_has_zero_authority ... ok
test cloud_provider_observer::tests::all_native_profiles_are_exact ... ok
test cloud_provider_observer::tests::cross_provider_identity_is_rejected ... ok
test cloud_provider_observer::tests::data_plane_and_effects_are_absent ... ok
test cloud_provider_observer::tests::recovery_is_bounded_and_authority_free ... ok
test command_runner::tests::cancellation_before_launch_emits_one_receipt_and_never_calls_executor ... ok
test command_runner::tests::command_observer_failures_bind_consumed_scope_and_never_fabricate_output ... ok
test command_runner::tests::consumed_exact_grant_is_required_before_one_executor_launch_and_receipt ... ok
test command_runner::tests::exact_template_prepares_canonical_request_and_preview ... ok
test command_runner::tests::invalid_post_launch_command_evidence_is_canonical_uncertainty ... ok
test command_runner::tests::owned_worktree_mode_uses_one_exact_held_workspace_root ... ok
test command_runner::tests::registered_wrapper_rejects_an_unapproved_operation_plan_before_launch ... ok
test command_runner::tests::registry_rejects_digest_drift_duplicates_and_unknown_versions ... ok
test command_runner::tests::shell_grammar_response_files_and_credential_environment_fail_closed ... ok
test command_runner::tests::unverified_command_cleanup_never_seals_a_completion_or_releases_consumed_authority ... ok
test communication_write_safety::tests::persisted_intent_is_once_only ... ok
test communication_write_safety::tests::stale_and_changed_approval_deny ... ok
test communication_write_safety::tests::uncertainty_never_becomes_success ... ok
test communications_gmail::tests::cross_account_and_changed_mime_deny ... ok
test communications_gmail::tests::history_gap_and_watch_expiry_are_visible ... ok
test communications_gmail::tests::replay_and_removed_authority_deny ... ok
test communications_mail::tests::bridge_is_loopback_and_removal_closes_authority ... ok
test communications_mail::tests::only_negotiated_operations_and_exact_authority_are_admitted ... ok
test communications_mail::tests::uncertainty_requires_reconciliation ... ok
test communications_outlook::tests::changed_recipient_attachment_or_revision_denies ... ok
test communications_outlook::tests::duplicate_effect_denies ... ok
test communications_outlook::tests::uncertain_requires_postcondition_and_remove_denies ... ok
test communications_slack::tests::events_are_once_only_and_uncertainty_visible ... ok
test communications_slack::tests::exact_workspace_effect_and_replay_are_enforced ... ok
test communications_slack::tests::membership_loss_and_removal_register_nothing ... ok
test communications_teams::tests::exact_preview_and_membership_required ... ok
test communications_teams::tests::personal_and_removed_profiles_register_nothing ... ok
test communications_teams::tests::replay_denies ... ok
test configuration::tests::aggregate_diff_detects_non_capability_authority_broadening ... ok
test configuration::tests::configuration_bound_results_are_deterministic_and_minimized ... ok
test configuration::tests::configuration_bound_results_reject_invalid_identifiers_and_hashes ... ok
test configuration::tests::configuration_or_result_changes_produce_distinct_binding_hashes ... ok
test configuration::tests::diff_is_stable_redacted_and_classifies_authority_and_resource_changes ... ok
test configuration::tests::every_configuration_schema_failure_class_is_stable_and_side_effect_free ... ok
test authority_transaction::tests::terminal_effect_receipt_and_next_checkpoint_publish_in_one_generation ... ok
test configuration::tests::every_profile_startup_from_clean_environment_matches_declared_authority_and_evidence ... ok
test configuration::tests::every_untrusted_channel_accepts_only_a_valid_restriction ... ok
test configuration::tests::every_untrusted_channel_rejects_capability_broadening ... ok
test configuration::tests::loads_canonical_profile_deterministically ... ok
test configuration::tests::malformed_untrusted_input_fails_before_authority_comparison ... ok
test configuration::tests::migrates_only_version_zero_with_fixed_non_broadening_operations ... ok
test configuration::tests::migration_rejects_wrong_source_ambiguous_version_and_missing_section ... ok
test configuration::tests::mirrors_published_identifier_version_collection_and_numeric_bounds ... ok
test configuration::tests::parent_profile_signature_verification_rejects_tampering_and_wrong_keys ... ok
test configuration::tests::published_migration_fixtures_match_the_runtime_contract ... ok
test configuration::tests::rejects_permission_network_logging_and_budget_broadening ... ok
test configuration::tests::rejects_unknown_duplicate_missing_unsupported_and_oversized_input ... ok
test configuration::tests::resource_logging_and_retention_increases_are_rejected ... ok
test configuration::tests::roots_models_tools_and_platform_identity_cannot_broaden_or_change ... ok
test configuration::tests::safe_defaults_are_explicit_read_only_and_minimum_authority ... ok
test configuration::tests::session_and_release_results_bind_the_exact_configuration_identity ... ok
test connected_identity::tests::capability_classes_do_not_inherit ... ok
test connected_identity::tests::credential_failures_are_stable_and_fail_closed ... ok
test connected_identity::tests::every_destination_identity_is_revalidated ... ok
test connected_identity::tests::exact_worker_admits_only_non_secret_metadata ... ok
test context_inspection::tests::dropped_constraints_lost_links_and_changed_sources_are_found ... ok
test context_inspection::tests::inspection_separates_pinned_selected_and_omitted_sources_without_content ... ok
test context_inspection::tests::reflow_and_model_switch_keep_constraints_and_every_source_link ... ok
test context_inspection::tests::rendering_escapes_identities_and_is_bounded ... ok
test context_management::tests::at_resume_001_revalidates_one_hundred_times_without_mutating_checkpoint ... ok
test context_management::tests::canonical_context_verifier_rejects_content_accounting_order_and_digest_drift ... ok
test context_management::tests::s020_i03_i04_checked_summaries_preserve_references_and_reopen_sources ... ok
test context_management::tests::s020_i08_all_explicit_drift_choices_are_non_authoritative ... ok
test context_management::tests::s020_ut01_context_is_deterministic_bounded_and_fully_accounted ... ok
test context_management::tests::s020_ut01_deduplicates_summary_before_authoritative_evidence ... ok
test context_management::tests::s020_ut01_denied_stale_and_secret_canary_never_enter_packet_content ... ok
test context_management::tests::s020_ut01_empty_boundary_and_over_limit_cases_fail_or_account_exactly ... ok
test context_management::tests::s020_ut01_item_ceiling_omits_optional_content_and_rejects_essential_overflow ... ok
test context_management::tests::s020_ut02_checkpoint_hash_and_schema_fail_closed ... ok
test context_management::tests::s020_ut02_every_material_drift_dimension_is_reported_before_action ... ok
test conversation_archive::tests::archive_creation_rejects_nonlocal_storage_without_side_effect ... ok
test configuration::tests::every_permission_bearing_value_is_rejected_through_every_untrusted_channel ... ok
test conversation_archive::tests::retention_revision_and_bound_approval_control_archive_deletion ... ok
test conversation_archive::tests::s_027_rt01_crash_child ... ignored, subprocess stop target; invoked only by the S-027-RT01 matrix

running 1 test

running 1 test
test conversation_archive::tests::encrypted_archive_inspection_and_fresh_restore_preserve_exact_inventory ... ok

running 1 test
test conversation_archive::tests::stale_inventory_wrong_key_and_corrupt_ciphertext_fail_closed ... ok

running 1 test
test conversation_library::tests::bounded_search_combines_exact_filters_with_local_literal_content_matching ... ok

running 1 test
test authority_transaction::tests::encrypted_restart_recovery_never_replays_and_publishes_one_receipt ... ok
test authority_transaction::tests::d027_s12_restart_grant_worker_receipt_and_terminal_boundaries_reconcile ... ok
test conversation_library::tests::canonical_row_tampering_is_detected_before_returning_content ... ok

running 1 test
test conversation_library::tests::checked_compaction_preserves_all_references_and_original_turns ... ok
test conversation_library::tests::child_branch_and_stale_preview_block_deletion_without_partial_effect ... ok
test conversation_library::tests::compaction_missing_citation_receipt_or_source_hash_is_rejected_without_state_change ... ok

running 1 test
test conversation_library::tests::deletion_requires_exact_fresh_confirmation_and_removes_one_leaf_atomically ... ok
test conversation_library::tests::deletion_preview_counts_and_atomically_removes_checked_compactions ... ok
test conversation_library::tests::disabled_persistence_rejects_exact_text_but_accepts_hash_only_turns ... ok

running 1 test
test conversation_library::tests::duplicate_and_out_of_order_turns_leave_the_timeline_unchanged ... ok
test conversation_library::tests::encrypted_store_round_trip_retains_metadata_and_reference_identities ... ok

running 1 test
test conversation_library::tests::history_and_relationship_views_preserve_original_timeline ... ok
test conversation_library::tests::encrypted_backup_and_fresh_restore_preserve_complete_conversation_history ... ok
test conversation_library::tests::invalid_search_bounds_fail_without_read_or_mutation ... ok

running 1 test
test conversation_library::tests::latest_resume_and_exact_branch_reuse_shared_drift_checks_without_rewriting_source ... ok
test conversation_library::tests::malformed_hashes_duplicate_identity_and_cross_parent_branches_fail_closed ... ok
test conversation_library::tests::metadata_changes_are_previewed_compare_and_swap_and_retention_visible ... ok
test conversation_library::tests::normalized_projection_tampering_is_detected_before_search_or_history_use ... ok
test conversation_library::tests::resume_drift_requires_a_decision_and_prevents_branch_creation ... ok
test conversation_archive::tests::s_027_rt01_process_stops_and_concurrent_access_preserve_atomic_state ... ok
test credential_broker::tests::every_identity_mismatch_fails_closed ... ok
test credential_broker::tests::exact_resolution_returns_metadata_and_clears_memory ... ok
test credential_broker::tests::restore_requires_reauthentication_and_canary_scan_is_complete ... ok
test credential_broker::tests::unverified_store_and_terminal_reference_fail_closed ... ok
test cross_interface_assurance::tests::isolation_rejects_identity_pooling ... ok
test cross_interface_assurance::tests::missing_boundary_decision_drift_and_bypass_fail ... ok
test cross_interface_assurance::tests::privacy_canary_requires_zero_escape_and_complete_cleanup ... ok
test cross_interface_assurance::tests::thirteen_boundaries_have_identical_fail_closed_authority ... ok
test cross_pack_verification::tests::declared_cross_pack_case_passes ... ok
test cross_pack_verification::tests::money_or_cloud_authority_is_rejected ... ok
test cross_pack_verification::tests::removal_and_strict_local_have_zero_residue ... ok
test cross_pack_verification::tests::summaries_must_recompute_exactly ... ok
test delivery_graph::tests::extension_and_capacity_fail_closed ... ok
test delivery_graph::tests::graph_round_trip_stale_and_removal ... ok
test delivery_graph::tests::inferred_edge_never_authorizes ... ok
test delivery_graph::tests::registration_is_exact_and_fault_modes_block ... ok
test deployment_safety::tests::changed_precondition_stales_approval ... ok
test deployment_safety::tests::offline_bounded_plan_is_valid ... ok
test deployment_safety::tests::partial_and_unknown_effects_never_retry ... ok
test deployment_safety::tests::production_and_admin_authority_are_separate ... ok
test diagnostics::tests::complete_report_is_stable_ordered_and_content_free ... ok
test diagnostics::tests::duplicate_malformed_and_canary_bearing_values_fail_closed ... ok
test diagnostics::tests::every_declared_state_survives_without_state_aliasing ... ok
test diagnostics::tests::missing_stale_and_failed_states_are_precise ... ok
test diagnostics::tests::one_hundred_complete_partial_missing_corrupt_stale_and_unsupported_fixtures_reconcile ... ok
test diagnostics::tests::prohibited_raw_sources_are_not_members_of_the_closed_observation_schema ... ok
test document_control::tests::all_workflow_reports_are_local_only_and_effect_free ... ok
test document_control::tests::correction_version_and_supersession_preserve_both_records ... ok
test document_control::tests::every_file_action_requires_exact_preview_and_separate_approval ... ok
test document_control::tests::filing_preview_requires_category_and_retention_confirmation ... ok
test document_control::tests::final_copy_requires_exact_approval_and_approved_language ... ok
test document_control::tests::quality_review_detects_duplicate_filing_and_deadline_gaps ... ok
test document_control::tests::register_preserves_versions_sources_unknowns_and_zero_effects ... ok
test document_control::tests::source_instructions_cannot_create_effects_or_hide_accessibility_review ... ok
test document_control::tests::stale_register_or_preview_is_rejected ... ok
test document_control::tests::statement_classes_cannot_promote_inference_or_resolve_conflict ... ok
test document_control::tests::unsupported_names_and_quorum_or_status_are_never_invented ... ok
test document_repository_adapter::tests::exact_version_permission_and_replay_required ... ok
test document_repository_adapter::tests::hostile_attachment_and_content_have_no_authority ... ok
test document_repository_adapter::tests::unpromoted_repositories_absent_and_removal_empty ... ok
test durable_attempt_recovery::tests::story_22_4_attempt_recovery_crash_child ... ignored, subprocess helper for deterministic no-unwind attempt-recovery interruption
test durable_attempt_recovery::tests::story_22_4_checkpoint_binds_every_required_identity_and_rejects_mutation ... ok
test durable_attempt_recovery::tests::story_22_4_concurrent_clients_have_one_owner ... ok
test durable_attempt_recovery::tests::story_22_4_drift_budgets_and_repeated_state_stop_or_reconcile_visibly ... ok

running 1 test

running 1 test

running 1 test

running 1 test

running 1 test

running 1 test

running 1 test

running 1 test

running 1 test

running 1 test

running 1 test

running 1 test

running 1 test

running 1 test

running 1 test

running 1 test

running 1 test

running 1 test

running 1 test

running 1 test

running 1 test

running 1 test

running 1 test

running 1 test

running 1 test

running 1 test

running 1 test

running 1 test

running 1 test

running 1 test

running 1 test

running 1 test

running 1 test

running 1 test

running 1 test

running 1 test

running 1 test

running 1 test

running 1 test

running 1 test

running 1 test

running 1 test

running 1 test

running 1 test

running 1 test
test conversation_library::tests::stale_branch_preview_and_missing_checkpoint_fail_without_child_creation ... ok

running 1 test
test durable_attempt_recovery::tests::story_22_4_selects_exactly_one_action_and_never_replays_prior_effect ... ok
test engineering_execution::tests::team_mode_is_not_a_single_agent_runtime_binding ... ok
test engineering_mode::tests::agent_and_team_labels_still_cannot_expand_authority ... ok
test engineering_mode::tests::ask_and_plan_are_effect_free_kernel_policies ... ok

running 1 test

running 1 test

running 1 test

running 1 test

running 1 test

running 1 test

running 1 test

running 1 test

running 1 test

running 1 test

running 1 test

running 1 test

running 1 test

running 1 test

running 1 test

running 1 test
test conversation_library::tests::s_027_ut02_branches_at_every_turn_role_without_replaying_evidence ... ok

running 1 test

running 1 test

running 1 test

running 1 test

running 1 test

running 1 test

running 1 test

running 1 test

running 1 test

running 1 test

running 1 test

running 1 test

running 1 test

running 1 test

running 1 test

running 1 test

running 1 test

running 1 test

running 1 test

running 1 test

running 1 test

running 1 test

running 1 test

running 1 test

running 1 test

running 1 test

running 1 test

running 1 test

running 1 test

running 1 test

running 1 test

running 1 test

running 1 test

running 1 test

running 1 test

running 1 test

running 1 test

running 1 test
test durable_attempt_recovery::tests::story_22_4_one_hundred_seed_no_unwind_boundary_campaign_has_zero_replay ... ok
test engineering_persistence::tests::artifact_payload_event_and_snapshot_roll_back_as_one_transaction ... ok
test engineering_persistence::tests::encrypted_restart_restores_session_events_and_exact_artifact ... ok
test engineering_plan::tests::approval_binds_every_exact_identity_and_byte_digest ... ok
test engineering_plan::tests::handoff_accepts_only_distinct_agent_or_team_targets ... ok
test engineering_recipe::tests::a_manifest_is_admitted_only_with_closed_bounded_fields_and_its_seal ... ok
test engineering_recipe::tests::a_plan_covers_only_changes_inside_its_scope_and_bound ... ok
test engineering_recipe::tests::each_kind_declares_what_its_change_needs ... ok
test engineering_recipe::tests::instantiation_binds_values_scope_and_every_registered_validation_to_an_exact_plan ... ok
test engineering_recipe::tests::parameters_are_named_typed_and_bounded ... ok
test engineering_records::tests::canonical_digest_is_stable_and_requires_current_schema ... ok
test engineering_records::tests::capture_metadata_is_present_if_and_only_if_bytes_were_captured ... ok
test engineering_records::tests::every_canonical_record_family_has_one_existing_authority_route ... ok
test engineering_records::tests::every_canonical_record_validates_before_artifact_serialization ... ok
test engineering_records::tests::identity_content_and_graph_mutations_fail_closed ... ok
test engineering_records::tests::runtime_record_set_binds_request_task_session_source_workflow_and_proof ... ok
test engineering_records::tests::success_and_delivery_records_fail_closed_on_missing_proof ... ok
test engineering_records::tests::tool_failure_may_report_incomplete_cleanup_but_success_may_not ... ok
test engineering_records::tests::workflow_transition_table_is_closed_and_terminal_states_are_absorbing ... ok
test engineering_persistence::tests::event_and_snapshot_advance_roll_back_as_one_transaction ... ok
test engineering_persistence::tests::source_payload_tampering_blocks_encrypted_store_reopen ... ok
test evidence_bundle::tests::exact_preview_publishes_only_selected_and_redacted_content ... ok
test evidence_bundle::tests::s_027_st01_disclosure_canaries_are_redacted_omitted_and_identity_free ... ok
test evidence_bundle::tests::expired_unconfirmed_and_nonlocal_publication_attempts_have_no_side_effect ... ok
test evidence_reconciliation::tests::citation_resolution_preserves_current_stale_missing_unicode_and_bounds ... ok
test evidence_reconciliation::tests::complete_four_state_ledger_projects_and_renders_without_raw_content ... ok
test evidence_reconciliation::tests::omitted_reordered_stale_fabricated_and_false_completion_claims_fail_closed ... ok
test evidence_reconciliation::tests::receipt_chain_and_external_keyed_anchor_detect_every_tamper_class ... ok
test evidence_state::tests::coding_runtime_build_identity_preserves_the_strict_answer_evidence_contract ... ok
test evidence_state::tests::derived_requires_registered_method_and_distinct_observed_inputs ... ok
test evidence_state::tests::every_unknown_blocked_reason_is_explicit_and_empty_evidence_is_valid ... ok
test evidence_state::tests::evidence_assignments_are_descriptive_and_never_grant_authority ... ok
test evidence_state::tests::exactly_four_state_kinds_are_constructed_with_required_provenance ... ok
test evidence_state::tests::inferred_requires_citations_and_exact_model_runtime_manifest ... ok
test evidence_state::tests::malformed_detail_duplicate_source_and_duplicate_assignment_fail_closed ... ok
test evidence_state::tests::model_confidence_and_unknown_state_fields_cannot_enter_the_wire_contract ... ok
test evidence_state::tests::observed_rejects_every_non_success_non_observe_missing_tool_and_receipt_tampering ... ok
test evidence_state::tests::observed_requires_exact_receipt_sources_subject_and_revision ... ok
test evidence_bundle::tests::secret_hidden_and_restricted_inclusions_fail_closed ... ok
test evidence_bundle::tests::stale_history_preview_and_unselected_citations_cannot_publish ... ok
test executive_assistant::tests::complete_correspondence_still_has_no_send_authority ... ok
test executive_assistant::tests::correspondence_review_covers_all_seven_checks_and_never_sends ... ok
test executive_assistant::tests::durable_reminder_rejects_stale_replay_tamper_and_automatic_effects ... ok
test executive_assistant::tests::durable_reminder_reopens_and_compare_swaps_across_lifecycle_reconstruction ... ok
test executive_assistant::tests::durable_reminder_supports_snooze_reschedule_acknowledge_and_complete ... ok
test executive_assistant::tests::every_specialized_brief_preserves_confirmed_inferred_historical_disputed_and_unknown ... ok
test executive_assistant::tests::local_message_export_triage_covers_every_class_without_inbox_or_send_access ... ok
test executive_assistant::tests::plain_folder_and_obsidian_inputs_have_projection_parity ... ok
test executive_assistant::tests::portfolio_reconciliation_preserves_corrections_supersessions_and_completion_history ... ok
test executive_assistant::tests::priorities_expose_every_component_and_use_stable_ties ... ok
test executive_assistant::tests::privacy_classes_have_distinct_fail_closed_retrieval_index_retention_and_export_rules ... ok
test executive_assistant::tests::privacy_scope_and_changes_since_require_exact_admitted_inputs ... ok
test executive_assistant::tests::stale_snapshots_inferred_decisions_and_sensitive_person_traits_fail_closed ... ok
test executive_assistant::tests::trackers_and_views_preserve_truth_states_and_have_zero_effects ... ok
test executive_assistant::tests::unknown_inputs_and_unresolved_dependencies_are_visible_not_invented ... ok
test external_effect::tests::events_are_bounded_deduplicated_and_gap_visible ... ok
test external_effect::tests::exact_effect_lifecycle ... ok
test external_effect::tests::stale_state_blocks_submission ... ok
test external_effect::tests::unknown_effect_blocks_retry ... ok
test filesystem_control::tests::approval_mutations_cannot_issue_filesystem_authority ... ok
test filesystem_control::tests::binary_creation_is_digest_bound_without_lossy_content_preview ... ok
test filesystem_control::tests::cancellation_invalidates_before_observation_consumption_or_apply ... ok
test evidence_store::tests::encrypted_ledgers_and_external_anchors_survive_verified_restart ... ok
test filesystem_control::tests::create_patch_copy_and_move_render_exact_non_overwriting_preview ... ok
test filesystem_control::tests::durable_checkpoint_failure_stops_before_filesystem_driver_apply ... ok
test filesystem_control::tests::controlled_filesystem_transaction_commits_every_operation_and_delete ... ok
test filesystem_control::tests::empty_file_creation_has_an_exact_zero_byte_postimage ... ok
test filesystem_control::tests::exact_approval_issues_one_single_use_write_grant ... ok
test filesystem_control::tests::filesystem_receipt_tampering_fails_closed ... ok
test filesystem_control::tests::preview_rejects_plan_and_operation_digest_tampering ... ok
test filesystem_control::tests::protected_dirty_colliding_stale_and_duplicate_operations_fail_closed ... ok
test filesystem_control::tests::known_partial_failure_restores_exact_prestate_and_no_change_stays_failed ... ok
test filesystem_control::tests::s_030_ut01_metadata_variants_are_exact_and_closed ... ok
test filesystem_control::tests::stale_source_and_fresh_destination_collision_invalidate_before_apply ... ok
test filesystem_control::tests::structured_patch_is_closed_exact_and_non_overlapping ... ok
test filesystem_control::tests::trash_delete_is_isolated_high_risk_and_never_permanent ... ok
test filesystem_control::tests::trash_delete_requires_separate_confirmation_and_delete_authority ... ok
test filesystem_control::tests::verification_mismatch_restores_while_uncertain_states_never_replay ... ok
test final_reconciliation::tests::composed_steps_cannot_borrow_authority ... ok
test final_reconciliation::tests::incomplete_audit_cannot_claim_comprehensive ... ok
test final_reconciliation::tests::missing_candidate_evidence_cannot_become_a_claim ... ok
test finance_privacy::tests::canaries_retain_only_digest ... ok
test finance_privacy::tests::every_money_family_is_rejected ... ok
test finance_privacy::tests::policy_and_flows_fail_closed ... ok
test finance_privacy::tests::removal_requires_zero_inventory ... ok
test financial_anomaly::tests::claims_and_actions_are_never_admitted ... ok
test financial_anomaly::tests::methods_are_separate_and_uncertainty_visible ... ok
test financial_anomaly::tests::replay_and_feedback_are_immutable ... ok
test financial_anomaly::tests::sparse_baselines_fail_closed ... ok
test financial_data_adapter::tests::cross_item_and_duplicate_records_fail_closed ... ok
test financial_data_adapter::tests::exact_account_and_class_are_required ... ok
test financial_data_adapter::tests::prohibited_operation_families_are_structurally_absent ... ok
test financial_data_adapter::tests::removal_clears_read_and_sync_authority ... ok
test financial_document::tests::ambiguous_matches_remain_distinct ... ok
test financial_document::tests::deletion_reconciles_every_copy_without_residue ... ok
test financial_document::tests::extraction_preserves_source_and_uncertainty ... ok
test financial_document::tests::hostile_content_and_external_export_are_rejected ... ok
test financial_domain::tests::allocation_is_stable_and_conserves_exact_total ... ok
test financial_domain::tests::checked_arithmetic_rejects_currency_scale_and_overflow ... ok
test financial_domain::tests::corrections_preserve_original_identity_and_complete_lineage ... ok
test financial_domain::tests::reconciliation_requires_visible_conflicts_and_bounded_confidence ... ok
test financial_domain::tests::rounding_is_explicit_and_half_even_is_exact ... ok
test financial_import::tests::ambiguous_csv_requires_confirmation ... ok
test financial_import::tests::ofx_qfx_are_bounded_and_extensions_fail_closed ... ok
test financial_import::tests::repeated_and_reordered_records_are_byte_stable ... ok
test financial_import::tests::unresolved_reconciliation_never_guesses ... ok
test financial_planning::tests::currency_mismatch_fails_closed ... ok
test financial_planning::tests::missing_data_requires_visible_limitations ... ok
test financial_planning::tests::plans_never_create_external_authority ... ok
test financial_planning::tests::reordered_computation_is_exact ... ok
test frontier_import::tests::accepted_proposals_reenter_fresh_local_flows_with_zero_effect ... ok
test frontier_import::tests::decision_only_returns_need_no_artifact_payload_and_still_have_no_authority ... ok
test frontier_import::tests::embedded_instructions_links_binaries_and_secrets_remain_nonexecuting ... ok
test frontier_import::tests::missing_malformed_oversized_version_and_hash_drift_fail_closed ... ok
test frontier_import::tests::path_escape_hidden_path_and_artifact_hash_mismatch_fail_before_review ... ok
test frontier_import::tests::round_trip_receipts_are_deterministic_idempotent_and_mutation_sensitive ... ok
test frontier_import::tests::valid_manifest_round_trips_but_never_carries_authority_or_completion ... ok
test frontier_import::tests::workspace_model_policy_permission_and_citation_drift_quarantine_every_claim ... ok
test frontier_recommendation::tests::decision_and_receipt_mutation_invalidates_exact_evidence ... ok
test frontier_recommendation::tests::destination_is_recorded_only_after_exact_user_choice_and_never_delivers ... ok
test frontier_recommendation::tests::every_approved_trigger_requires_a_local_attempt_and_exact_check ... ok
test frontier_recommendation::tests::exact_frontier_preview_renders_locally_once_without_delivery_authority ... ok
test frontier_recommendation::tests::human_clarification_never_becomes_a_frontier_recommendation ... ok
test frontier_recommendation::tests::missing_roles_secret_absolute_unrelated_hidden_and_excessive_content_fail ... ok
test frontier_recommendation::tests::packet_is_byte_stable_complete_local_and_exactly_reviewed ... ok
test frontier_recommendation::tests::tiers_cover_deterministic_local_user_and_measured_frontier_paths ... ok
test frontier_release::tests::automatic_non_markdown_and_mutated_packet_exports_fail_before_a_plan ... ok
test frontier_release::tests::exact_rendered_packet_becomes_one_authority_free_controlled_create_plan ... ok
test gateway_candidate_identity::tests::story_13_5_all_endpoint_classes_remain_disabled_without_fallback ... ok
test gateway_candidate_identity::tests::story_13_5_cross_class_credential_and_nested_identity_substitution_fail ... ok
test gateway_candidate_identity::tests::story_13_5_every_independent_identity_changes_whole_tuple_digest ... ok
test gateway_candidate_identity::tests::story_13_5_unknown_operator_and_partial_remote_tuple_fail_before_route ... ok
test gateway_routing::tests::a_remote_route_needs_its_own_current_grant_for_the_data_sent_within_budget ... ok
test gateway_routing::tests::a_tampered_duplicate_or_empty_grant_is_refused ... ok
test gateway_routing::tests::local_only_mode_routes_locally_and_never_to_a_granted_remote_route ... ok
test gateway_routing::tests::story_13_6_codec_preserves_supported_ordered_semantics ... ok
test gateway_routing::tests::story_13_6_fallback_is_denied_by_default_and_requires_exact_equivalent_policy ... ok
test gateway_routing::tests::story_13_6_health_quota_and_control_drift_cannot_silently_fallback ... ok
test gateway_routing::tests::story_13_6_route_selection_audits_health_quota_limits_and_disclosure ... ok
test gateway_routing::tests::story_13_6_unknown_malformed_and_unsupported_streams_fail_visibly ... ok
test gitops_control::tests::controller_or_desired_state_change_stales_plan ... ok
test gitops_control::tests::ordinary_sync_is_bounded ... ok
test gitops_control::tests::stronger_and_repository_effects_are_refused ... ok
test gitops_control::tests::uncertain_or_partial_outcomes_never_retry ... ok
test grants::tests::cancellation_and_consumption_race_inside_the_product_boundary ... ok
test grants::tests::child_derivation_rejects_siblings_exclusions_and_scope_aggregation ... ok
test grants::tests::duplicate_identity_nonce_invalid_lifetime_and_scope_fail_before_state_change ... ok
test grants::tests::final_validation_consumes_once_and_retains_both_revision_hashes ... ok
test grants::tests::session_parent_and_children_are_exact_bounded_and_single_use ... ok
test grants::tests::stale_context_policy_and_expiry_terminalize_without_consumption ... ok
test grants::tests::two_racing_consumers_produce_exactly_one_terminal_transition ... ok
test grants::tests::uncertain_attempt_is_bound_to_consumed_revision_and_never_reusable ... ok
test handoff::tests::canonical_session_composition_binds_checkpoint_context_and_disclosure ... ok
test handoff::tests::canonical_session_composition_rejects_stale_tampered_and_prohibited_sources ... ok
test handoff::tests::every_delivery_and_interface_control_action_has_one_local_denial_receipt ... ok
test handoff::tests::every_material_drift_expires_or_requires_regeneration ... ok
test handoff::tests::hidden_unrelated_prohibited_secret_and_unredacted_content_fail_closed ... ok
test handoff::tests::manifest_packet_and_review_tampering_fail_verification ... ok
test handoff::tests::non_public_content_requires_explicit_acknowledgment ... ok
test handoff::tests::prompt_injection_is_inert_and_fully_disclosed ... ok
test handoff::tests::review_and_render_are_byte_exact_local_and_content_addressed ... ok
test incident_lifecycle::tests::authority_cannot_cross_effects ... ok
test incident_lifecycle::tests::no_incident_content_can_trigger_an_effect ... ok
test incident_lifecycle::tests::separate_effect_grant_is_valid ... ok
test incident_lifecycle::tests::uncertain_effect_requires_reconciliation ... ok
test infrastructure_safety::tests::changed_state_or_source_stales_plan ... ok
test infrastructure_safety::tests::destructive_and_admin_authority_are_separate ... ok
test infrastructure_safety::tests::exact_saved_plan_is_admitted ... ok
test infrastructure_safety::tests::uncertain_apply_never_retries ... ok
test instruction_provenance::tests::broken_hashes_bindings_scopes_and_widening_shapes_fail_closed ... ok
test instruction_provenance::tests::discovery_plan_is_sorted_bounded_hash_bound_and_authority_free ... ok
test instruction_provenance::tests::discovery_plan_rejects_cross_workspace_duplicate_and_oversized_inputs ... ok
test instruction_provenance::tests::every_source_class_is_discovered_before_read_and_untrusted_by_default ... ok
test instruction_provenance::tests::explicit_trust_can_only_add_sorted_narrowing_constraints ... ok
test instruction_provenance::tests::stale_sources_and_conflicting_user_decisions_disable_guidance ... ok
test evidence_store::tests::retained_answer_or_anchor_tampering_blocks_reopen ... ok
test job_control::tests::a_restarted_owner_replays_exactly_and_refuses_tampered_chains ... ok
test instruction_provenance::tests::two_hundred_injections_never_create_guidance_or_authority_without_user_decision ... ok
test job_control::tests::a_truncated_or_rolled_back_chain_is_refused_by_its_retained_head ... ok
test job_control::tests::a_running_job_toggled_to_the_client_bound_can_still_be_cancelled ... ok
test job_control::tests::cancellation_is_requested_once_and_completed_only_by_the_owner ... ok
test job_control::tests::conflicting_foreign_and_malformed_requests_are_refused_without_entries ... ok
test job_control::tests::accepted_requests_stop_short_of_the_owner_reserve ... ok
test job_control::tests::request_identities_are_scoped_by_the_authenticated_client ... ok
test job_control::tests::suspension_waits_for_a_safe_boundary_and_resume_requeues ... ok
test job_control::tests::work_that_never_started_is_cancelled_or_suspended_at_once ... ok
test job_control::tests::refused_requests_cannot_exhaust_accepted_requests_or_owner_observations ... ok
test job_ledger_store::tests::a_job_ledger_persists_each_decision_and_replays_after_reopening ... ok
test job_ledger_store::tests::an_append_that_names_another_head_writes_nothing ... ok
test conversation_library::tests::s_027_ut01_searches_evidence_ancestry_empty_large_and_corrupt_archives ... ok
test filesystem_control::tests::s_030_ut01_exact_resource_boundaries_pass_and_one_over_fails ... ok
test job_ledger_store::tests::every_ledger_row_has_a_content_free_export_family ... ok
test job_ledger_store::tests::an_entry_and_its_head_commit_together_or_not_at_all ... ok
test job_scheduler::tests::sprint_89_budget_expiry_and_availability_fail_closed ... ok
test job_scheduler::tests::sprint_89_completed_operations_never_resume ... ok
test job_scheduler::tests::sprint_89_one_lease_owner_and_bounded_renewal ... ok
test job_scheduler::tests::sprint_90_all_unattended_effects_are_denied ... ok
test job_scheduler::tests::sprint_90_read_only_schedule_has_no_catch_up_storm ... ok
test job_scheduler::tests::sprint_90_terminal_work_releases_descendants_and_notifies_locally ... ok
test linux_mail_interop::tests::private_linked_and_credential_sources_deny ... ok
test linux_mail_interop::tests::removal_changes_no_source_fingerprint ... ok
test linux_mail_interop::tests::replacement_denies_and_provenance_is_exact ... ok
test local_commit::tests::approval_binds_tree_parent_message_identity_signer_branch_and_expiry ... ok
test local_commit::tests::candidate_tree_requires_owned_index_exact_bytes_and_no_execution_surfaces ... ok
test local_commit::tests::signed_commit_reconciliation_rejects_index_remote_signer_and_surface_drift ... ok
test local_commit::tests::signer_and_plan_never_admit_repository_selection_or_publication_authority ... ok
test local_continuity::tests::complete_encrypted_snapshot_passes ... ok
test local_continuity::tests::invalidation_is_transitive_and_fail_broad ... ok
test local_continuity::tests::unsafe_roots_are_denied ... ok
test maintenance_recovery::tests::diagnostic_is_content_free_and_non_authoritative ... ok
test maintenance_recovery::tests::enabled_capability_and_corrupt_state_fail_or_propose_recovery ... ok
test maintenance_recovery::tests::safe_mode_disables_every_optional_capability ... ok
test markdown_math::tests::math_spans_preserve_exact_source ... ok
test markdown_math::tests::preview_requires_accessible_controls ... ok
test markdown_math::tests::renderer_is_offline_and_bounded ... ok
test markdown_math::tests::unsafe_and_unclosed_math_fail_closed ... ok
test mcp_gateway::tests::sprint_81_cancellation_and_disconnect_require_verified_cleanup ... ok
test mcp_gateway::tests::sprint_81_common_registry_request_response_and_receipts_are_one_use ... ok
test mcp_gateway::tests::sprint_81_malformed_oversized_reclassified_and_spoofed_output_fails_closed ... ok
test mcp_registry::tests::sprint_80_identity_change_expiry_and_containment_invalidate_connection ... ok
test mcp_registry::tests::sprint_80_manifest_and_every_transport_are_explicit_and_sealed ... ok
test mcp_registry::tests::sprint_80_optional_tools_cannot_shadow_or_become_native_prerequisites ... ok
test mcp_registry::tests::sprint_80_write_secret_and_uncontained_capabilities_fail_closed ... ok
test meeting_continuity::tests::agenda_and_request_drafts_are_hash_bound_and_authority_free ... ok
test meeting_continuity::tests::dependency_failure_and_cancellation_fail_before_projection ... ok
test meeting_continuity::tests::exact_source_update_can_close_a_continuity_item ... ok
test meeting_continuity::tests::invitation_and_attendance_states_cannot_be_inferred ... ok
test meeting_continuity::tests::minutes_keep_missing_owner_and_date_unknown ... ok
test meeting_continuity::tests::proposed_decision_cannot_be_promoted_to_confirmed ... ok
test meeting_continuity::tests::recurring_continuity_preserves_history_and_never_sends ... ok
test meeting_continuity::tests::stale_minutes_and_continuity_are_rejected ... ok
test meeting_continuity::tests::transcript_cleanup_preserves_verbatim_offsets_and_unknown_attribution ... ok
test meeting_continuity::tests::transcript_cleanup_rejects_a_marker_that_changes_the_source_fragment ... ok
test model_adapter_evaluation::tests::current_docker_candidate_remains_rejected_for_missing_contract_and_quality ... ok
test model_adapter_evaluation::tests::every_missing_safety_or_quality_gate_rejects_without_activation ... ok
test model_adapter_evaluation::tests::every_planned_adapter_family_uses_the_same_non_activating_evaluator ... ok
test model_adapter_evaluation::tests::exact_complete_tuple_only_proceeds_to_separate_profile_review ... ok
test model_adapter_evaluation::tests::malformed_or_mutated_evidence_and_records_fail_closed ... ok
test model_adapter_evaluation::tests::retained_docker_evaluation_is_canonical_rejected_and_non_activating ... ok
test model_catalog_semantic::tests::inaccessible_profiles_never_select ... ok
test model_catalog_semantic::tests::parsed_structure_is_source_not_model_owned ... ok
test model_codec::tests_support::codec_identity_or_context_substitution_fails_before_encoding_or_decoding ... ok
test model_codec::tests_support::fake_muse_and_gemma_use_the_same_closed_codec_contract ... ok
test model_codec::tests_support::malformed_stale_replayed_and_authority_seeking_envelopes_remain_inert ... ok
test model_discovery::tests::every_exact_profile_evidence_mutation_invalidates_selection ... ok
test model_discovery::tests::every_non_current_lifecycle_or_dependency_is_management_only ... ok
test model_discovery::tests::exact_entry_mutation_blocks_revalidation_without_fallback ... ok
test model_discovery::tests::limited_degraded_profile_is_selectable_only_with_passed_role ... ok
test model_discovery::tests::removal_failure_and_tampering_never_select_an_alternative ... ok
test model_discovery::tests::unsigned_duplicate_and_mismatched_runtime_inputs_fail_closed ... ok
test model_discovery::tests::zero_and_multiple_profiles_are_stable_and_family_neutral ... ok
test model_gateway::tests::every_json_protocol_uses_a_closed_shape_and_extracts_text ... ok
test model_gateway::tests::exact_profiles_and_explicit_routes_are_digest_bound ... ok
test model_gateway::tests::remote_profile_rejects_http_embedded_credentials_and_redirects ... ok
test model_gateway::tests::strict_local_can_never_fall_back_remotely ... ok
test model_management::tests::activation_is_atomic_and_preserves_prior_profile ... ok
test model_management::tests::every_interruption_retains_no_partial_activation ... ok
test model_management::tests::stale_confirmation_and_excess_authority_are_inert ... ok
test model_orchestration_profile::tests::story_13_4_degradation_is_deterministic_visible_and_source_first ... ok
test model_orchestration_profile::tests::story_13_4_every_profile_and_allocation_mutation_changes_identity_or_refuses ... ok
test model_orchestration_profile::tests::story_13_4_exact_window_reconciles_without_overcommit ... ok
test model_orchestration_profile::tests::story_13_4_missing_counter_or_authoritative_minimum_fails_closed ... ok
test model_orchestration_profile::tests::story_13_4_orchestration_changes_shape_but_not_safety_controls ... ok
test model_orchestration_profile::tests::story_13_4_quality_evidence_and_model_admission_are_both_required ... ok
test model_response::tests::corrected_second_candidate_is_admitted_and_third_is_never_examined ... ok
test model_response::tests::plain_text_is_bounded_display_only_and_structured_failures_never_downgrade ... ok
test model_response::tests::replay_missing_and_exhausted_repairs_have_distinct_closed_results ... ok
test model_routing::tests::authenticated_product_service_owns_catalog_and_exposes_exact_native_audit ... ok
test model_routing::tests::duplicate_profiles_and_invalid_requests_are_rejected ... ok
test model_routing::tests::every_visible_budget_has_fixed_local_context_tool_and_review_boundaries ... ok
test model_routing::tests::manual_choice_is_preserved_and_never_falls_back ... ok
test model_routing::tests::measured_router_is_stable_at_threshold_and_exposes_ties ... ok
test model_routing::tests::product_service_fails_authentication_without_decision_or_audit ... ok
test model_routing::tests::promotion_threshold_degraded_and_empty_states_are_stable ... ok
test model_routing::tests::second_model_is_used_only_for_measured_high_risk_verify_work ... ok
test model_routing::tests::stale_resources_context_tools_and_platform_fail_closed ... ok
test model_routing::tests::unmeasured_stale_prohibited_nonapproved_and_unfit_profiles_fail_closed ... ok
test model_runtime::tests::changed_unknown_rejected_enabled_and_fallback_profiles_fail_closed ... ok
test model_runtime::tests::context_binding_and_dispatch_share_the_retained_muse_safety_margin ... ok
test model_runtime::tests::controlled_preparation_tests::controlled_dispatch_expiry_preserves_the_completed_stream_observation ... ok
test model_runtime::tests::controlled_preparation_tests::controlled_load_cleanup_uncertainty_overrides_observed_expiry ... ok
test model_runtime::tests::controlled_preparation_tests::controlled_loading_consumes_failed_attempt_and_stops_before_later_work ... ok
test model_runtime::tests::controlled_preparation_tests::controlled_native_contract_defaults_refuse_without_legacy_load_or_generation ... ok
test model_runtime::tests::controlled_preparation_tests::controlled_preflight_never_generates_after_health_capability_or_token_stop ... ok
test model_runtime::tests::controlled_preparation_tests::controlled_preparation_never_retries_a_stopped_or_failed_readiness_attempt ... ok
test model_runtime::tests::controlled_preparation_tests::controlled_readiness_cleanup_uncertainty_overrides_the_original_failure ... ok
test model_runtime::tests::controlled_preparation_tests::controlled_readiness_failure_unloads_the_tuple_it_loaded ... ok
test model_runtime::tests::controlled_preparation_tests::controlled_served_drift_or_rejected_tuple_unloads_the_tuple_it_loaded ... ok
test model_runtime::tests::controlled_preparation_tests::controlled_token_binding_and_dispatch_keep_one_loaded_tuple_and_request ... ok
test model_runtime::tests::controlled_preparation_tests::later_turn_readiness_failure_keeps_the_earlier_tuple_without_unloading ... ok
test model_runtime::tests::controlled_preparation_tests::legacy_load_refuses_after_a_consumed_controlled_attempt ... ok
test model_runtime::tests::dispatch_preflight_accepts_exact_fit_and_refuses_one_token_over_before_stream ... ok
test model_runtime::tests::dispatch_preflight_refuses_7000_plus_2048_against_8192_and_invalid_margin ... ok
test model_runtime::tests::every_exact_profile_dimension_is_validated_without_merging ... ok
test model_runtime::tests::exact_fake_profile_runs_full_contract_without_authority_or_fallback ... ok
test model_runtime::tests::fake_muse_and_gemma_cover_every_runtime_terminal_and_hostile_response_state ... ok
test model_runtime::tests::health_rejects_every_served_capability_drift_before_dispatch ... ok
test model_runtime::tests::manifest_runtime_isolation_packet_and_stream_drift_fail_before_success ... ok
test model_runtime::tests::orchestration_plan_and_tool_heavy_unicode_render_reconcile_once ... ok
test model_runtime::tests::prepared_request_mutation_stale_binding_and_token_drift_send_no_generation_bytes ... ok
test model_runtime::tests::resource_breach_unloads_only_the_exact_active_profile ... ok
test model_runtime::tests::runtime_failure_codes_are_closed_and_content_free ... ok
test model_runtime::tests::served_capabilities_reject_missing_forged_undersized_and_unsafe_facts ... ok
test model_runtime::tests::served_capability_stable_sleep_reobservation_and_reload_generation_are_explicit ... ok
test model_selection::tests::deterministic_completion_avoids_model_and_invalid_records_fail ... ok
test model_selection::tests::deterministic_operations_always_precede_model_eligibility ... ok
test model_selection::tests::every_resource_limit_is_inclusive_independent_and_sticky ... ok
test model_selection::tests::manual_selection_preserves_active_profile_across_every_refusal ... ok
test model_selection::tests::one_slot_default_and_all_nonzero_limits_are_mandatory ... ok
test multi_agent::tests::dependency_cycle_and_overlapping_paths_fail_before_workers_start ... ok
test multi_agent::tests::integrated_wave_resumes_without_replaying_and_inflight_state_is_refused ... ok
test multi_agent::tests::successful_campaign_projection_binds_every_lease_integration_and_plan ... ok
test multi_agent::tests::three_workers_run_concurrently_and_integrate_serially ... ok
test job_ledger_store::tests::retained_rows_are_append_only_and_heads_only_advance ... ok
test job_ledger_store::tests::the_runtime_shares_one_store_with_its_job_ledgers ... ok
test operational_store::tests::checkpoint_record_or_head_tampering_blocks_reopen ... ok
test operational_store::tests::attempt_checkpoint_and_single_resume_owner_survive_verified_restart ... ok
test operational_store::tests::correctness_event_and_parent_grant_survive_one_atomic_reopen ... ok
test operational_store::tests::correctness_event_insert_failure_rolls_back_checkpoint_and_binding ... ok
test operational_store::tests::correctness_event_checkpoint_and_binding_survive_one_atomic_reopen ... ok
test operational_store::tests::correctness_event_insert_failure_rolls_back_parent_grant_and_generation ... ok
test operational_store::tests::corrupted_or_wrongly_keyed_backup_leaves_no_restore_candidate ... ok
test operational_store::tests::encrypted_repository_cache_is_exact_bounded_and_noncanonical ... ok
test operational_store::tests::encrypted_store_opens_through_exact_held_linux_directory_descriptor ... ok
test operational_store::tests::encrypted_backup_restores_only_to_a_verified_fresh_candidate ... ok
test operational_store::tests::encrypted_store_requires_key_and_hides_sqlite_header ... ok
test operational_store::tests::ephemeral_and_failed_checkpoint_publication_leave_no_record ... ok
test operational_store::tests::failed_version_three_migration_rolls_back_all_alterations ... ok
test operational_store::tests::failed_version_two_migration_rolls_back_without_partial_schema ... ok
test operational_store::tests::every_source_and_workflow_family_has_a_content_free_derived_export ... ok
test operational_store::tests::exclusive_writer_and_encrypted_backup_are_verified ... ok
test operational_store::tests::json_lines_export_is_deterministic_content_free_and_export_only ... ok
test operational_store::tests::json_lines_export_rejects_occupied_or_ineligible_destinations_without_change ... ok
test operational_store::tests::only_exact_numeric_proc_self_fd_parent_is_a_held_descriptor_path ... ok
test operational_store::tests::plaintext_sqlite_substitution_never_becomes_operational_authority ... ok
test operational_store::tests::older_client_refuses_current_store_before_writer_claim_and_preserves_records ... ok
test operational_store::tests::repository_cache_tamper_blocks_verified_restart ... ok
test operational_store::tests::future_schema_and_page_corruption_are_refused ... ok
test operational_store::tests::required_writer_and_database_configuration_is_verified ... ok
test operational_store::tests::research_migration_tests::failed_version_nineteen_migration_rolls_back_tables_history_and_version ... ok
test operational_store::tests::research_migration_tests::reader_compatibility::failed_version_twenty_reader_epoch_keeps_version_nineteen_retryable ... ok
test operational_store::tests::research_migration_tests::reader_compatibility::job_ledger_migration::failed_version_twenty_one_migration_rolls_back_and_stays_retryable ... ok
test operational_store::tests::research_migration_tests::reader_compatibility::job_ledger_migration::version_twenty_upgrades_to_job_ledgers_preserving_records_and_history ... ok
test operational_store::tests::research_migration_tests::reader_compatibility::version_nineteen_backup_refusal_preserves_source_without_creating_candidate ... ok
test job_ledger_store::tests::a_tampered_ledger_is_refused_poisons_the_store_and_blocks_reopening ... ok
test operational_store::tests::research_migration_tests::reader_compatibility::version_nineteen_reader_epoch_preserves_tables_records_and_history ... ok
test operational_store::tests::research_migration_tests::reader_compatibility::job_ledger_migration::version_twenty_corrupt_history_cannot_add_job_ledgers ... ok
test operational_store::tests::research_migration_tests::version_eighteen_upgrades_without_losing_existing_records ... ok
test operational_store::tests::retention_assignment_and_event_tampering_fail_closed ... ok
test operational_store::tests::retention_holds_expiration_and_stale_revisions_are_atomic ... ok
test operational_store::tests::seeded_crash_recovery_child ... ignored, subprocess crash target; invoked only by seeded_crash_recovery_campaign
test operational_store::tests::schema_constraints_and_atomic_rollback_reject_partial_authority ... ok
test operational_store::tests::research_migration_tests::reader_compatibility::version_nineteen_corrupt_history_cannot_advance_reader_epoch ... ok
test operational_store::tests::session_checkpoint_is_atomic_hash_verified_and_current ... ok
test operational_store::tests::source_content_deduplication_preserves_every_logical_identity ... ok
test operational_store::tests::source_materializations_bind_one_existing_encrypted_payload_without_new_byte_store ... ok
test operational_store::tests::version_one_upgrades_through_twenty_one_with_exact_history ... ok
test operational_store::tests::synthetic_canary_is_absent_from_encrypted_and_derived_artifacts ... ok
test operational_store::tests::version_twenty_one_schema_matches_fixture_snapshot_and_is_relational ... ok
test operational_store::tests::version_two_retention_rows_upgrade_to_three_with_initial_event ... ok
test operational_store::tests::workflow_attempt_chain_receipt_and_uncertainty_invariants_fail_closed ... ok
test operational_store::tests::whole_store_cryptographic_erasure_consumes_key_scope_without_overwrite_claim ... ok
test operational_store::tests::workflow_checkpoint_reopens_exactly_and_tamper_blocks_restart ... ok
test operational_store::tests::workflow_materializations_bind_existing_run_session_event_and_receipt_authorities ... ok
test operational_store::tests::workflow_projection_failure_retains_no_event_checkpoint_cursor_or_state ... ok
test operational_store::tests::workflow_state_event_checkpoint_cursor_and_artifact_reference_commit_atomically ... ok
test operational_store::tests::write_checkpoint_tampering_fails_closed_on_reopen ... ok
test persistence::tests::admission_minimizes_encrypts_assigns_retention_and_receipts ... ok
test persistence::tests::debug_surfaces_exclude_values_and_record_identity ... ok
test persistence::tests::every_raw_content_class_is_ephemeral_without_value_or_digest_receipt ... ok
test persistence::tests::forged_raw_content_handling_fails_before_policy_decision ... ok
test persistence::tests::identities_are_deterministic_and_policy_bound ... ok
test persistence::tests::malformed_and_oversized_candidates_fail_content_free ... ok
test persistence::tests::persisted_secret_denies_without_value_or_value_digest_in_receipt ... ok
test persistence::tests::raw_content_is_omitted_when_minimized_metadata_is_admitted ... ok
test persistence::tests::receipt_family_retention_and_overflow_are_closed ... ok
test persistence::tests::restricted_and_ephemeral_candidates_select_no_storage ... ok
test persistence::tests::scanner_covers_all_declared_classes ... ok
test persistence::tests::secrets_in_omitted_fields_are_neither_persisted_nor_digested ... ok
test persistence::tests::synthetic_canary_campaign_covers_every_family_and_field_boundary ... ok
test persistent_supervisor::tests::session_reconstructs_after_supervisor_and_view_disappear ... ok
test persistent_supervisor::tests::terminal_session_cannot_replay_cancellation ... ok
test personal_information_management::tests::exact_pim_effect_and_conflict_required ... ok
test personal_information_management::tests::only_clear_correlated_affirmative_prepares_event ... ok
test personal_information_management::tests::proton_grant_is_once_only_and_unknown_visible ... ok
test personal_information_management::tests::unsupported_semantics_are_absent ... ok
test operational_store::tests::wrong_key_and_wrong_storage_class_fail_closed ... ok
test platform_startup::tests::every_signed_runtime_identity_mutation_refuses_native_activation ... ok
test platform_startup::tests::exact_independently_signed_release_activates_once ... ok
test operational_store::tests::write_checkpoints_publish_atomically_and_survive_reopen ... ok
test platform_startup::tests::every_missing_invalid_or_substituted_mechanism_refuses ... ok
test platform_startup::tests::runtime_and_foreign_observation_mutations_refuse_before_authority ... ok
test pod_composition::tests::collusion_collision_and_authority_attempts_fail_closed ... ok
test pod_composition::tests::qualified_pod_is_valid_but_disabled ... ok
test pod_composition::tests::recovery_never_replays_uncertain_work ... ok
test policy::tests::authorization_bound_workspace_scopes_admit_only_contained_operation_targets ... ok
test policy::tests::exact_issuer_retained_grant_is_allowed_and_every_context_mutation_denies_in_order ... ok
test platform_startup::tests::manifest_signature_schema_status_and_capability_order_fail_closed ... ok
test policy::tests::malformed_or_broad_policy_values_are_rejected_and_hashing_is_deterministic ... ok
test policy::tests::explicit_deny_precedes_allow_and_external_scopes_require_exact_allow ... ok
test platform_startup::tests::zero_runtime_identity_and_unimplemented_platform_are_not_signed_release_targets ... ok
test preclassification_policy::tests::task_12_2_2_2_applicable_safe_edge_states_remain_eligible ... ok
test preclassification_policy::tests::task_12_2_2_2_denial_occurs_before_any_semantic_classifier_call ... ok
test preclassification_policy::tests::task_12_2_2_2_exact_facts_clear_all_checks_deterministically ... ok
test preclassification_policy::tests::task_12_2_2_2_malformed_missing_duplicate_or_reordered_facts_are_inert ... ok
test preclassification_policy::tests::task_12_2_2_2_static_checks_run_first_in_fixed_order ... ok
test preclassification_policy::tests::task_12_2_2_2_typed_policy_checks_follow_static_checks_in_order ... ok
test productivity_identity_graph::tests::duplicate_names_never_merge ... ok
test productivity_identity_graph::tests::proposed_conflicting_stale_and_removed_links_deny ... ok
test policy::tests::strict_local_profile_allows_only_exact_workspace_read_and_denies_every_other_operation ... ok
test productivity_identity_graph::tests::rename_and_removal_preserve_native_lineage ... ok
test productivity_inbox::tests::incomplete_coverage_is_filterable ... ok
test productivity_inbox::tests::model_suggestion_must_stay_labeled ... ok
test productivity_pack::tests::each_first_ga_family_exposes_only_its_closed_operations ... ok
test productivity_inbox::tests::duplicates_remain_native_records ... ok
test productivity_pack::tests::lifecycle_has_only_explicit_edges_and_restores_strict_local ... ok
test productivity_pack::tests::inactive_support_and_lifecycle_never_register_operations ... ok
test productivity_pack::tests::only_exact_allowlisted_cross_pack_flow_is_admitted ... ok
test productivity_pack::tests::money_movement_and_cloud_mutation_have_no_operation_variant ... ok
test productivity_pack::tests::unknown_version_duplicate_and_contradictory_manifest_fail_closed ... ok
test productivity_sync::tests::duplicates_are_idempotent ... ok
test productivity_sync::tests::gaps_are_visible_and_incomplete ... ok
test productivity_sync::tests::revocation_and_removal_end_authority ... ok
test productivity_workflow::tests::closed_transitions_and_expiry_apply ... ok
test productivity_workflow::tests::completed_effect_never_replays ... ok
test productivity_workflow::tests::graph_is_immutable_and_current_policy_intersects ... ok
test productivity_workflow::tests::hostile_content_and_forbidden_graphs_deny ... ok
test profile_workflows::tests::conflicting_independent_findings_preserve_dissent_without_approval ... ok
test profile_workflows::tests::exact_profile_sequences_are_retained ... ok
test profile_workflows::tests::four_canonical_graphs_are_valid_and_effect_free ... ok
test propagation::tests::borrowed_effect_observation_error_is_redacted_sticky_and_not_cancellation ... ok
test profile_workflows::tests::writable_collisions_and_provider_effects_fail_closed ... ok
test propagation::tests::borrowed_effect_observation_rejects_foreign_malformed_and_model_origin_signals ... ok
test propagation::tests::borrowed_effect_observation_retains_exact_shell_signal_after_source_reset ... ok
test propagation::tests::child_cancellation_is_descendant_only_and_first_signal_wins ... ok
test propagation::tests::consumed_scope_borrow_preserves_identity_and_original_origin ... ok
test propagation::tests::borrowed_observation_refuses_busy_or_poisoned_cache_before_polling_source ... ok
test propagation::tests::consumed_scope_rechecks_signals_first_seen_during_effect ... ok
test propagation::tests::existing_token_observation_preserves_descendant_tree_and_consumed_scope ... ok
test propagation::tests::every_failure_outcome_preserves_context_through_declared_routes ... ok
test propagation::tests::invalid_edges_versions_and_context_fail_closed ... ok
test propagation::tests::live_descendant_retains_ancestry_without_retaining_finished_branches ... ok
test propagation::tests::model_failure_routes_directly_to_kernel_and_shell ... ok
test propagation::tests::parent_cancellation_reaches_every_current_and_late_descendant ... ok
test propagation::tests::outcome_context_route_and_serialization_mutations_fail_closed ... ok
test propagation::tests::token_effect_observation_refuses_busy_or_poisoned_owner_without_recovery ... ok
test public_research::tests::public_url_prefilter_is_exact_and_rejects_ambiguous_hosts ... ok
test propagation::tests::simultaneous_cancellation_returns_the_one_atomically_installed_signal ... ok
test public_research::tests::publication_after_access_cannot_be_admitted_as_current_evidence ... ok
test public_research::tests::sprint_82_domain_protocol_identity_and_scope_attacks_fail_closed ... ok
test public_research::tests::secrets_and_hidden_metadata_do_not_bypass_bounds ... ok
test public_research::tests::sprint_82_inference_and_staleness_remain_visible ... ok
test public_research::tests::sprint_82_limits_duplicates_and_unrequested_sources_fail_closed ... ok
test public_research::tests::sprint_82_primary_sources_rank_first_and_citations_are_content_minimized ... ok
test reasoning::tests::exact_claim_keys_expose_conflicts_without_language_inference ... ok
test reasoning::tests::independent_verification_requires_exact_checks_evidence_and_truthful_disposition ... ok
test reasoning::tests::frame_assumption_and_hypothesis_lifecycles_are_bounded ... ok
test reasoning::tests::malformed_duplicate_and_unsupported_transitions_fail_without_revision_change ... ok
test reasoning::tests::material_question_blocks_until_explicitly_answered ... ok
test reclassification::tests::task_12_2_2_5_advisory_restrictions_and_restricted_network_content_stop ... ok
test reclassification::tests::task_12_2_2_5_all_source_and_destination_boundaries_use_the_same_gate ... ok
test reclassification::tests::task_12_2_2_5_one_permit_crosses_once_and_new_revision_requires_new_work ... ok
test reclassification::tests::task_12_2_2_5_stale_or_mismatched_sensitivity_evidence_is_inert ... ok
test reclassification::tests::task_12_2_2_5_every_named_content_kind_requires_fresh_reclassification ... ok
test recurring_obligation::tests::deterministic_and_model_assisted_states_are_separate ... ok
test recurring_obligation::tests::hostile_content_and_financial_effects_are_rejected ... ok
test reclassification::tests::task_12_2_2_5_task_action_or_policy_fact_drift_cannot_cross ... ok
test recurring_obligation::tests::model_output_cannot_confirm_or_create_authority ... ok
test recurring_obligation::tests::only_fresh_zero_effect_communication_drafts_are_admitted ... ok
test release_decision::tests::approval_and_signatures_are_mandatory ... ok
test release_decision::tests::every_non_pass_state_blocks_publication ... ok
test release_lifecycle::tests::exact_release_promotion_is_valid ... ok
test release_lifecycle::tests::failed_health_requires_fresh_compensation ... ok
test release_lifecycle::tests::production_flag_is_separate ... ok
test release_lifecycle::tests::progressive_delivery_never_advances_itself ... ok
test repository_safety::tests::currentness_reports_dirty_untracked_stale_and_divergence ... ok
test repository_safety::tests::clone_and_fetch_use_only_exact_transaction_refs ... ok
test repository_safety::tests::failed_operation_requires_a_byte_identical_manifest ... ok
test repository_safety::tests::hardened_invocations_have_no_generic_or_ambient_git_authority ... ok
test repository_safety::tests::fast_forward_is_proven_and_compare_and_swap_only ... ok
test repository_safety::tests::remotes_are_canonical_credential_free_and_host_bound ... ok
test repository_safety::tests::transfer_paths_fail_on_stale_unowned_duplicate_or_rename_collision ... ok
test repository_safety::tests::preservation_reconciliation_allows_only_operation_owned_fields ... ok
test research_budget::tests::atomic_reservations_failures_replay_and_cancellation ... ok
test research_budget::tests::ceilings_invalid_hosts_and_charge_are_closed ... ok
test research_budget::tests::classification_derives_a_query_only_from_the_exact_endpoint_shape ... ok
test research_budget::tests::exact_byte_and_visit_ceilings_are_inclusive_without_refunds ... ok
test research_budget::tests::exact_domain_all_dns_answers_proxy_and_port_are_enforced ... ok
test research_budget::tests::observed_expiry_and_clock_rollback_cannot_be_revived ... ok
test research_budget::tests::offline_and_changed_disclosure_never_consume_budget ... ok
test repository_safety::tests::worktree_registry_requires_stable_ownership_and_safe_cleanup ... ok
test research_budget::tests::recovery_preserves_failed_quota_clock_and_consumed_attempts ... ok
test research_budget::tests::recovered_cancellation_and_expiry_never_reopen ... ok
test research_budget::tests::schema_two_scope_snapshot_binds_the_exact_search_endpoint ... ok
test research_budget::tests::secret_canaries_are_refused_before_hash_or_disclosure ... ok
test research_budget::tests::snapshot_rejects_reserved_bytes_without_an_operation_and_offline_consumption ... ok
test research_budget::tests::snapshot_schema_binding_counters_and_complete_identity_set_are_closed ... ok
test research_budget::tests::restored_scope_retains_exact_restrictions_without_raw_disclosures ... ok
test research_budget::tests::time_and_policy_drift_are_not_fresh_budgets ... ok
test research_dispatch::tests::adapter_cannot_be_rearmed_even_after_its_material_is_taken ... ok
test research_budget::tests::successor_refuses_refunds_reset_replaced_ids_and_cleared_terminal_flags ... ok
test research_effect_binding::tests::cancelled_authority_cannot_be_revived_by_an_exact_request_or_fresh_attempt ... ok
test research_effect_binding::tests::actual_consumed_permit_is_required_and_all_exact_bindings_match ... ok
test research_effect_binding::tests::closed_request_and_registered_definition_mismatches_refuse_preparation ... ok
test research_effect_binding::tests::equal_packet_and_grant_expiry_is_exclusive_and_consumption_clock_is_monotonic ... ok
test research_effect_binding::tests::disclosure_scope_operation_task_and_held_root_drift_refuse_after_consumption ... ok
test research_effect_binding::tests::exact_call_preparation_is_inert_and_content_minimized ... ok
test research_effect_binding::tests::original_native_json_is_bound_without_forcing_internal_struct_field_order ... ok
test research_effect_binding::tests::shorter_packet_is_prepared_before_approval_not_rewritten_after_consumption ... ok
test research_effect_binding::tests::expired_grant_never_reaches_driver_and_packet_clock_window_cannot_extend ... ok
test research_fetch::tests::offline_scope_and_downward_limits_are_independent_of_preparation ... ok
test research_fetch::tests::producer_consumer_preserve_complete_packet_and_original_deadline ... ok
test research_effect_binding::tests::valid_launch_clock_cannot_extend_the_exact_consumed_grant_deadline ... ok
test research_fetch::tests::unknown_fields_duplicate_keys_and_unsafe_targets_are_refused ... ok
test research_plan::tests::bounded_decoder_refuses_oversize_duplicate_fields_and_raw_diagnostic_content ... ok
test research_plan::tests::changed_queries_and_limits_change_binding_and_secrets_refuse ... ok
test research_plan::tests::committed_schema_one_bytes_keep_their_digests_and_scope ... ok
test research_plan::tests::non_canonical_plan_and_scope_bytes_are_refused ... ok
test research_plan::tests::query_duplicates_search_byte_exhaustion_and_offline_remain_explicit ... ok
test research_plan::tests::quick_and_multiquery_deep_plans_are_bound_without_execution ... ok
test research_plan::tests::schema_one_plans_keep_their_exact_bytes_and_policy_preimage ... ok
test research_plan::tests::schema_unknown_fields_and_scope_are_closed ... ok
test research_fetch::tests::secret_canaries_duplicate_query_fields_and_packet_pressure_fail_closed ... ok
test research_report::shape::shape_tests::duplicate_unused_and_out_of_range_identities_refuse ... ok
test research_report::shape::shape_tests::exact_shape_roundtrip_does_not_establish_canonical_evidence ... ok
test research_plan::tests::search_endpoint_is_exact_disclosed_and_required_by_schema_two ... ok
test research_report::shape::shape_tests::outer_and_typed_work_limits_refuse_without_truncation ... ok
test research_report::shape::shape_tests::inference_needs_bounded_citations_and_visible_nonsecret_limitation ... ok
test research_report::shape::shape_tests::token_shaped_identifiers_cannot_bypass_report_text_filtering ... ok
test research_report::span::tests::byte_range_cannot_split_unicode_or_change_source ... ok
test research_report::span::tests::copied_body_and_repeated_claims_share_quote_allowance ... ok
test research_report::shape::shape_tests::unknown_authority_fields_and_unexecuted_derivation_refuse ... ok
test research_report::span::tests::exact_unicode_source_and_content_free_debug ... ok
test research_report::span::tests::secret_refuses_without_spending_and_instructions_remain_inert ... ok
test research_response::tests::complete_inert_body_round_trips_without_json_expansion_or_authority ... ok
test research_response::tests::binding_time_and_full_body_tampering_fail_closed ... ok
test research_response::tests::duplicate_located_fields_do_not_silently_select_a_version ... ok
test research_response::tests::explicit_located_frame_preserves_original_wire_and_inert_body ... ok
test research_response::tests::explicit_redirects_remain_same_origin_and_consume_aggregate_bytes ... ok
test research_response::tests::located_strings_cannot_change_origin_path_or_add_unrequested_components ... ok
test research_response::tests::located_envelope_rejects_hybrids_unknown_fields_and_changed_bindings ... ok
test research_response::tests::malformed_frames_headers_and_unknown_metadata_are_rejected ... ok
test research_result_binding::tests::consistent_forgery_still_requires_canonical_producer_attestation ... ok
test research_result_binding::tests::every_claimed_identity_requires_a_complete_nonzero_lowercase_digest ... ok
test research_result_binding::tests::altered_material_reservation_frame_and_schema_are_refused ... ok
test research_result_binding::tests::exact_round_trip_preserves_full_bytes_without_making_attestation_claims ... ok
test research_result_binding::tests::malformed_noncanonical_duplicate_unknown_and_oversized_material_is_rejected ... ok
test research_result_binding::tests::original_parent_window_and_worker_start_cannot_be_rewritten ... ok
test review_packet::tests::all_review_modes_preserve_duplicate_and_low_confidence_evidence ... ok
test review_packet::tests::purpose_and_artifact_matrix_rejects_mislabeled_generated_and_migration_work ... ok
test review_packet::tests::logical_commit_plan_accounts_for_every_approved_file_and_excludes_unrelated_work ... ok
test run_control::tests::completion_requires_newer_matching_evidence_bound_packet ... ok
test run_control::tests::controller_rejects_non_active_and_incomplete_safety_contracts ... ok
test run_control::tests::every_budget_resource_enforces_all_numeric_boundaries ... ok
test review_packet::tests::review_packet_is_stable_complete_and_has_no_commit_or_publication_authority ... ok
test run_control::tests::exact_limit_is_admitted_and_over_limit_is_sticky_without_usage_change ... ok
test run_control::tests::explicit_stop_is_declared_idempotent_and_first_reason_wins ... ok
test run_control::tests::every_stop_condition_has_one_exact_typed_path ... ok
test run_control::tests::undeclared_resource_and_overflow_fail_closed_before_mutation ... ok
test run_progress::tests::a_tampered_or_reordered_stream_is_refused ... ok
test run_progress::tests::a_cancellation_request_ends_the_wait_for_a_decision ... ok
test run_progress::tests::only_a_verified_success_is_local_verification_and_percentages_need_a_ceiling ... ok
test run_progress::tests::activity_follows_the_verified_stream_and_never_claims_outside_states ... ok
test run_progress::tests::running_and_every_terminal_state_are_reported_as_the_stream_establishes_them ... ok
test runtime_artifact::tests::checkpoint_cursor_and_artifact_set_publish_atomically_and_reopen ... ok
test runtime_artifact::tests::continuation_digest_binds_cursor_and_collected_state ... ok
test runtime_artifact::tests::continuation_rejects_unsafe_or_inconsistent_state ... ok
test runtime_artifact::tests::continuation_round_trips_one_exact_safe_boundary ... ok
test preclassification_policy::tests::d027_s12_policy_5120_seeded_fact_mutations_are_deterministic ... ok
test runtime_artifact::tests::corrupt_unreferenced_inventory_is_quarantined_without_trusting_size ... ok
test runtime_artifact::tests::current_checkpoint_reference_prevents_release_and_collection ... ok
test runtime_artifact::tests::manifest_digest_or_reference_drift_fails_closed ... ok
test runtime_artifact::tests::manifest_reference_and_event_projection_reconcile_exactly ... ok
test runtime_artifact::tests::continuation_codec_supports_verified_payloads_above_shared_json_limit ... ok
test runtime_artifact::tests::metadata_projection_tampering_blocks_durable_restart ... ok
test runtime_artifact::tests::failed_resume_binding_rolls_back_the_checkpoint_and_requires_reopen ... ok
test runtime_artifact::tests::missing_and_corrupt_payloads_quarantine_every_active_reference ... ok
test runtime_artifact::tests::operator_view_is_path_free_complete_and_tracks_cleanup_state ... ok
test runtime_artifact::tests::partial_and_identifier_colliding_publications_preserve_canonical_state ... ok
test runtime_artifact::tests::publication_deduplicates_without_broadening_owner_or_reference_state ... ok
test runtime_artifact::tests::publication_rejects_mismatched_producer_authority_before_staging ... ok
test runtime_artifact::tests::research_journal_tests::cancellation_and_owner_mismatch_cannot_reopen_accounting ... ok
test runtime_artifact::tests::research_journal_tests::committed_attempt_survives_reopen_without_refund_or_replay ... ok
test runtime_artifact::tests::research_journal_tests::concurrent_owner_and_budget_reset_are_denied ... ok
test runtime_artifact::tests::research_journal_tests::corrupt_complete_plan_cannot_issue_proof_or_refund_spent_attempt ... ok
test runtime_artifact::tests::research_journal_tests::bounded_revision_exhaustion_never_resets_accounting ... ok
test runtime_artifact::tests::research_journal_tests::derived_export_includes_all_research_families_without_raw_plan_or_identity ... ok
test runtime_artifact::tests::research_journal_tests::disappeared_full_plan_cannot_yield_a_reservation_proof ... ok
test runtime_artifact::tests::research_journal_tests::complete_plan_decode_and_exact_restrictions_cannot_be_substituted ... ok
test runtime_artifact::tests::research_journal_tests::dispatch_owner::research_owner_dispatch_commits_exact_start_and_terminal_without_replay_on_reopen ... ok
test runtime_artifact::tests::research_journal_tests::dispatch_owner::research_owner_failed_preflight_append_poisons_without_launch_or_grant_consumption ... ok
test runtime_artifact::tests::research_journal_tests::dispatch_owner::research_owner_run_cancellation_denies_before_budget_cancel_and_after_reopen ... ok
test runtime_artifact::tests::research_journal_tests::dispatch_owner::retrieval::canonical_source_bounds_history_before_loading_or_decoding_and_never_truncates_it ... ok
test runtime_artifact::tests::research_journal_tests::dispatch_owner::retrieval::canonical_source_preserves_exclusive_store_ownership ... ok
test runtime_artifact::tests::research_journal_tests::dispatch_owner::retrieval::canonical_source_reads_complete_bytes_without_promoting_instructions_or_replaying_effects ... ok
test runtime_artifact::tests::research_journal_tests::dispatch_owner::research_owner_refuses_stale_cancelled_missing_and_substituted_inputs_before_driver ... ok
test runtime_artifact::tests::research_journal_tests::dispatch_owner::retrieval::canonical_source_read_clock_cannot_precede_a_later_committed_run_event ... ok
test runtime_artifact::tests::research_journal_tests::dispatch_owner::retrieval::canonical_source_remains_readable_after_terminal_run_and_original_request_deadline ... ok
test runtime_artifact::tests::research_journal_tests::dispatch_owner::retrieval::canonical_source_rechecks_full_bytes_and_lifecycle_on_each_read ... ok
test runtime_artifact::tests::research_journal_tests::dispatch_owner::retrieval::canonical_source_survives_head_advance_and_cancel_without_new_dispatch_authority ... ok
test runtime_artifact::tests::research_journal_tests::dispatch_owner::retrieval::completion::research_completion_consistency_cannot_replace_actual_canonical_native_result ... ok
test runtime_artifact::tests::research_journal_tests::dispatch_owner::retrieval::completion::research_completion_preserves_exact_approved_bytes_and_reads_only_after_full_publication ... ok
test runtime_artifact::tests::research_journal_tests::dispatch_owner::retrieval::canonical_source_requires_independent_native_pin_owner_and_current_read_clock ... ok
test runtime_artifact::tests::research_journal_tests::dispatch_owner::retrieval::completion::research_completion_propagates_each_preparation_refusal_without_retry_or_sealing ... ok
test runtime_artifact::tests::research_journal_tests::dispatch_owner::retrieval::completion::research_completion_refusal_reopen_preserves_known_effect_without_completion_or_replay ... ok
test runtime_artifact::tests::research_journal_tests::dispatch_owner::retrieval::completion::research_completion_refuses_missing_reordered_malformed_and_reused_references ... ok
test runtime_artifact::tests::research_journal_tests::dispatch_owner::retrieval::canonical_source_rejects_coherent_but_unbound_records ... ok
test runtime_artifact::tests::research_journal_tests::dispatch_owner::retrieval::completion::research_completion_refuses_wrong_terminal_bytes_owner_order_or_cleanup_time ... ok
test runtime_artifact::tests::research_journal_tests::dispatch_owner::retrieval::research_report_tests::report_cancellation_and_reopen_preserve_evidence_without_replay ... ok
test runtime_artifact::tests::research_journal_tests::dispatch_owner::retrieval::research_report_tests::report_does_not_count_alias_bundles_as_distinct_receipts ... ok
test runtime_artifact::tests::research_journal_tests::dispatch_owner::retrieval::research_report_tests::report_checks_fresh_full_sources_and_preserves_original_or_located_wire ... ok
test runtime_artifact::tests::research_journal_tests::dispatch_owner::retrieval::research_report_tests::report_keeps_inference_conflicts_and_questions_explicit ... ok
test runtime_artifact::tests::research_journal_tests::dispatch_owner::retrieval::research_report_tests::report_rechecks_lifecycle_after_prior_success_instead_of_using_returned_handle ... ok
test runtime_artifact::tests::research_journal_tests::dispatch_owner::retrieval::research_report_tests::report_secret_text_is_refused_without_disclosing_or_spending ... ok
test runtime_artifact::tests::research_journal_tests::dispatch_owner::retrieval::research_report_tests::report_sees_journal_cancellation_before_budget_append_and_original_expiry ... ok
test runtime_artifact::tests::research_journal_tests::dispatch_owner::retrieval::research_report_tests::report_span_identity_unicode_and_aggregate_quotation_limits_are_enforced ... ok
test runtime_artifact::tests::research_journal_tests::dispatch_owner::retrieval::research_report_tests::report_refuses_wrong_pins_context_clock_and_partial_source_substitution ... ok
test runtime_artifact::tests::research_journal_tests::dispatch_owner::retrieval::research_report_tests::retained_tests::retained_report_manifest_cannot_carry_a_preview_effect_or_public_classification ... ok
test runtime_artifact::tests::research_journal_tests::dispatch_owner::retrieval::research_report_tests::retained_tests::retained_report_cannot_lower_classification_or_extend_retention ... ok
test runtime_artifact::tests::research_journal_tests::dispatch_owner::retrieval::research_report_tests::retained_tests::retained_report_publication_checks_sources_before_creating_any_artifact ... ok
test runtime_artifact::tests::research_journal_tests::dispatch_owner::retrieval::research_report_tests::retained_tests::retained_report_refuses_alias_publication_in_both_orders ... ok
test runtime_artifact::tests::research_journal_tests::dispatch_owner::retrieval::research_report_tests::retained_tests::retained_report_rechecks_every_source_and_its_own_lifecycle ... ok
test runtime_artifact::tests::research_journal_tests::dispatch_owner::retrieval::completion::research_completion_rejects_substituted_descriptions_before_builder_invocation ... ok
test runtime_artifact::tests::research_journal_tests::dispatch_owner::retrieval::research_report_tests::retained_tests::retained_report_reopens_with_current_cancelled_state_without_replay ... ok
test runtime_artifact::tests::research_journal_tests::dispatch_owner::retrieval::research_report_tests::retained_tests::retained_report_refuses_duplicate_or_substituted_publication_events ... ok
test runtime_artifact::tests::research_journal_tests::dispatch_owner::retrieval::research_report_tests::retained_tests::retained_report_requires_publication_and_reconstructs_without_generic_content ... ok
test runtime_artifact::tests::research_journal_tests::dispatch_owner::retrieval::research_report_tests::retained_tests::retained_report_shape_cannot_load_a_cached_checked_projection ... ok
test runtime_artifact::tests::research_journal_tests::dispatch_owner::retrieval::research_report_tests::retained_tests::retained_report_store_refuses_version_nineteen_reader_without_changing_bytes ... ok
test runtime_artifact::tests::research_journal_tests::dispatch_owner::retrieval::research_report_tests::retained_tests::retained_report_terminal_reconstruction_never_extends_original_deadline ... ok
test runtime_artifact::tests::research_journal_tests::dispatch_owner::start_observer::research_start_observer_failure_retains_consumption_and_reconciles_without_replay ... ok
test runtime_artifact::tests::research_journal_tests::dispatch_owner::retrieval::research_report_tests::retained_tests::retained_report_rejects_wrong_context_native_identity_and_clock ... ok
test runtime_artifact::tests::research_journal_tests::dispatch_owner::start_observer::research_start_observer_sees_exact_durable_start_once_before_driver ... ok
test runtime_artifact::tests::research_journal_tests::failed_freshness_append_is_atomic_and_cannot_return_dispatch_material ... ok
test runtime_artifact::tests::research_journal_tests::encrypted_backup_and_fresh_restore_preserve_spent_operations_and_cancel ... ok
test runtime_artifact::tests::research_journal_tests::dispatch_owner::start_observer::research_start_observer_is_not_called_when_preflight_or_start_persistence_refuses ... ok
test runtime_artifact::tests::research_journal_tests::failed_quota_clock_and_rollback_remain_terminal_after_reopen ... ok
test runtime_artifact::tests::research_journal_tests::failed_reservation_commit_returns_no_proof_and_poisons_runtime ... ok
test runtime_artifact::tests::research_journal_tests::fresh_dispatch_clock_rollback_or_budget_expiry_is_durable_and_terminal ... ok
test runtime_artifact::tests::research_journal_tests::fresh_dispatch_observation_preserves_spending_and_original_reservation_identity ... ok
test runtime_artifact::tests::research_journal_tests::full_plan_and_its_canonical_publication_event_are_required ... ok
test runtime_artifact::tests::research_journal_tests::historical_reservation_read_verifies_original_revision_without_refund_or_refresh ... ok
test runtime_artifact::tests::research_journal_tests::fresh_dispatch_preserves_cancel_capacity_and_refuses_a_full_journal ... ok
test runtime_artifact::tests::research_journal_tests::fresh_dispatch_rejects_each_context_or_packet_substitution_before_clock_mutation ... ok
test runtime_artifact::tests::research_journal_tests::original_deadline_cannot_restart_after_reopen ... ok
test runtime_artifact::tests::research_journal_tests::historical_reservation_rechecks_full_plan_and_complete_history_not_only_named_hash ... ok
test runtime_artifact::tests::research_journal_tests::intervening_reservation_or_cancel_invalidates_old_dispatch_proof ... ok
test runtime_artifact::tests::research_journal_tests::released_plan_stays_released_after_restart_and_does_not_reset_budget ... ok
test runtime_artifact::tests::research_journal_tests::resume_projection_is_original_content_free_and_does_not_consume_revisions ... ok
test runtime_artifact::tests::research_journal_tests::packet_expiry_and_disappeared_plan_do_not_return_fresh_material_or_refund ... ok
test runtime_artifact::tests::research_journal_tests::schema_one_plan_budgets_stay_readable_but_cannot_reserve ... ok
test runtime_artifact::tests::resume_binding_binds_cursor_and_sorted_exact_artifact_set ... ok
test runtime_artifact::tests::resume_binding_rejects_run_drift_and_duplicate_references ... ok
test runtime_artifact::tests::size_media_retention_and_preview_bounds_are_closed ... ok
test runtime_artifact::tests::research_journal_tests::search_accounting_is_derived_from_the_exact_disclosed_endpoint_request ... ok
test runtime_artifact::tests::story_21_2_artifact_canaries_require_an_exact_owner_bound_payload_read ... ok
test runtime_artifact::tests::story_50_2_artifact_pages_are_owner_bound_bounded_and_exact ... ok
test runtime_coordinator::tests::story_20_successful_answers_require_exact_kernel_assigned_inference_provenance ... ok
test runtime_coordinator::tests::story_23_4_approval_response_must_echo_the_challenged_grant_identity ... ok
test runtime_coordinator::tests::story_23_4_request_and_outcome_are_closed_hash_bound_contracts ... ok
test runtime_coordinator::tests::story_23_4_request_and_outcome_tampering_fail_closed ... ok
test runtime_coordinator::tests::story_23_4_request_rejects_binding_catalog_context_cursor_and_limit_drift ... ok
test runtime_event::tests::pre_effect_rejection_cannot_follow_approval_or_become_a_worker_launch ... ok
test runtime_event::tests::run_deadline_exhaustion_cannot_hide_an_extra_operation_or_active_route ... ok
test runtime_event::tests::run_deadline_exhaustion_closes_only_the_single_unstarted_operation ... ok
test runtime_event::tests::safe_boundary_artifact_is_legal_only_between_quiescent_turns ... ok
test runtime_event::tests::story_21_2_closed_event_families_have_one_canonical_persistence_class ... ok
test runtime_event::tests::story_21_2_every_event_family_has_a_legal_transition_path ... ok
test runtime_event::tests::story_21_2_every_stream_binding_dimension_is_immutable ... ok
test runtime_event::tests::story_21_2_json_fixture_uses_the_rust_canonical_digest ... ok
test runtime_event::tests::story_21_2_lagging_subscriber_is_removed_without_blocking_runtime ... ok
test runtime_event::tests::story_21_2_no_runtime_event_variant_contains_streamed_token_text ... ok
test runtime_event::tests::story_21_2_publisher_is_ordered_bounded_and_nonblocking ... ok
test runtime_event::tests::story_21_2_rejected_duplicate_transition_is_non_mutating ... ok
test runtime_event::tests::story_21_2_runtime_event_contract_is_closed_and_hash_bound ... ok
test runtime_event::tests::story_21_2_sequence_accepts_one_complete_runtime_history ... ok
test runtime_event::tests::story_21_2_sequence_rejects_reorder_replay_binding_and_post_terminal_events ... ok
test runtime_event::tests::story_21_2_sequence_rejects_unknown_causation_and_illegal_tool_start ... ok
test runtime_event::tests::story_21_2_subscriber_bounds_and_disconnect_are_non_authoritative ... ok
test runtime_event::tests::story_21_2_unknown_event_family_is_rejected_by_closed_decode ... ok
test runtime_event::tests::story_21_3_blocked_extraction_is_terminal_for_indexing_and_remains_visible ... ok
test runtime_event::tests::story_21_3_complete_artifact_workflow_replays_to_one_exact_projection ... ok
test runtime_event::tests::story_21_3_large_and_sensitive_payloads_remain_reference_only ... ok
test runtime_event::tests::story_21_3_legacy_clients_get_explicit_unsupported_kind_without_breaking_old_journals ... ok
test runtime_event::tests::story_21_3_materialized_projection_drift_never_overrides_canonical_replay ... ok
test runtime_event::tests::story_21_3_missing_duplicate_reordered_cross_bound_and_tampered_events_fail_closed ... ok
test runtime_event::tests::story_21_3_rejected_duplicate_identity_events_do_not_mutate_replay_state ... ok
test runtime_event::tests::story_50_2_live_batch_stashes_the_first_event_beyond_its_byte_ceiling ... ok
test runtime_event::tests::story_50_2_replay_pages_reconstruct_the_exact_terminal_chain ... ok
test runtime_event::tests::story_50_2_replay_rejects_cursor_drift_and_undersized_pages ... ok
test runtime_event::tests::story_50_2_slow_client_drains_then_reconnects_without_event_loss ... ok
test runtime_event::tests::story_50_2_status_coalescing_never_removes_canonical_events ... ok
test runtime_inspector::tests::story_21_4_inspector_reconstructs_complete_content_free_lineage ... ok
test runtime_inspector::tests::story_21_4_inspector_supports_prefix_resume_and_refuses_tampering ... ok
test runtime_inspector::tests::story_21_4_lineage_gap_events_enforce_exact_ordering ... ok
test runtime_artifact::tests::unknown_versions_and_expired_artifacts_fail_closed ... ok
test runtime_inspector::tests::story_21_4_performance_qualification_is_complete_and_fail_closed ... ok
test runtime_inspector::tests::story_21_4_measures_the_bounded_local_inspector_fixture ... ok
test runtime_artifact::tests::research_journal_tests::tampered_revision_and_missing_head_refuse_reopen ... ok
test runtime_journal::tests::correctness_flushes_every_ordered_predecessor_and_reopens_exactly ... ok
test runtime_journal::tests::ephemeral_events_and_failed_batches_leave_no_false_history ... ok
test runtime_journal::tests::metric_class_remains_content_free_and_deferred ... ok
test runtime_journal::tests::queue_pressure_flushes_in_declared_batches_without_growth ... ok
test runtime_journal::tests::retained_event_tampering_blocks_restart ... ok
test runtime_journal::tests::retained_event_projection_tampering_blocks_restart ... ok
test runtime_journal::tests::story_21_2_journal_crash_boundary_child ... ignored, subprocess stop target; invoked only by the Story 21.2 crash matrix
test runtime_journal::tests::story_21_2_dedicated_writer_keeps_progress_and_clients_off_slow_store ... ok
test runtime_journal::tests::story_21_2_dedicated_writer_poison_is_sticky_without_false_history ... ok
test runtime_journal::tests::story_21_3_correctness_event_crash_child ... ignored, subprocess stop target; invoked only by the Story 21.3 crash matrix
test runtime_journal::tests::story_21_2_worker_enforces_the_exact_canonical_byte_boundary ... ok
test runtime_journal::tests::story_21_3_new_correctness_events_commit_reopen_and_replay_exactly ... ok
test runtime_journal::tests::story_50_2_dedicated_writer_saturation_is_bounded_and_recoverable ... ok
test runtime_journal::tests::story_50_2_reference_hardware_load_is_bounded_recoverable_and_nonblocking ... ignored, explicit reference-hardware campaign; run through runtime_hardening_load.py
test runtime_lifecycle::tests::story_50_2_deletion_requires_release_dependencies_and_worktree_cleanup ... ok
test runtime_lifecycle::tests::story_50_2_every_domain_and_action_retains_one_exact_owner ... ok
test runtime_lifecycle::tests::story_50_2_optional_transcript_and_metric_collection_requires_current_opt_in ... ok
test runtime_lifecycle::tests::story_50_2_plan_mutation_and_field_confusion_fail_closed ... ok
test runtime_lifecycle::tests::story_50_2_safe_mode_allows_only_diagnostics_export_and_preserving_hold ... ok
test runtime_lifecycle::tests::story_50_2_targets_are_unique_canonical_and_never_share_aggregate_authority ... ok
test runtime_loop::tests::a_boundary_cannot_derive_a_call_to_a_tool_a_model_may_propose ... ok
test runtime_loop::tests::a_derived_write_can_be_denied_or_cancelled_and_cannot_be_narrowed_again ... ok
test runtime_loop::tests::a_derived_write_counts_against_the_declared_tool_ceiling ... ok
test runtime_loop::tests::a_model_cannot_propose_a_shell_only_tool ... ok
test runtime_loop::tests::a_model_proposal_of_an_unoffered_tool_or_reserved_identity_never_reaches_evaluation ... ok
test runtime_loop::tests::a_selection_refuses_the_original_call_and_requests_one_separately_approved_write ... ok
test runtime_loop::tests::artifact_preparation_tests::preparation_bounds_total_candidates_across_appends_and_poisoned_sealing ... ok
test runtime_loop::tests::artifact_preparation_tests::preparation_checks_each_remaining_budget_before_exposing_references ... ok
test runtime_loop::tests::artifact_preparation_tests::preparation_refuses_reversed_time_and_clock_failure_without_fallback ... ok
test runtime_loop::tests::artifact_preparation_tests::preparation_samples_one_observed_time_without_advancing_it_for_dependent_bytes ... ok
test runtime_loop::tests::artifact_preparation_tests::preparation_without_artifact_owner_refuses_after_start_and_stays_latched ... ok
test runtime_loop::tests::artifact_preparation_tests::prepared_artifact_substitution_and_ignored_refusals_cannot_publish_or_replay ... ok
test runtime_loop::tests::artifact_preparation_tests::prepared_artifacts_keep_exact_dependent_refs_after_terminal_commit ... ok
test runtime_loop::tests::artifact_preparation_tests::prepared_candidates_cannot_spend_the_final_output_allowance ... ok
test runtime_loop::tests::artifact_preparation_tests::prepared_non_success_retains_audit_bytes_without_successful_tool_evidence ... ok
test runtime_loop::tests::artifact_preparation_tests::prepared_ordinals_precede_large_output_without_double_accounting ... ok
test runtime_loop::tests::artifact_preparation_tests::prepared_partial_publication_and_missing_event_never_replay_the_effect ... ok
test runtime_loop::tests::artifact_preparation_tests::research_preparation_does_not_enable_network_in_any_ordinary_runtime_mode ... ok
test runtime_loop::tests::cancelled_audit_metadata_cannot_bypass_remaining_output_budget ... ok
test runtime_loop::tests::cancelled_tool_missing_or_invalid_signal_keeps_receipt_without_fabricated_ack ... ok
test runtime_loop::tests::cancelled_tool_receipt_and_turn_precede_original_signal_acknowledgement ... ok
test runtime_loop::tests::coding_argument_rejection_precedes_permission_and_preserves_attempt_accounting ... ok
test runtime_loop::tests::coding_incomplete_model_output_cannot_enter_protocol_recovery ... ok
test runtime_loop::tests::coding_model_protocol_rejection_is_counted_then_corrected_without_authority ... ok
test runtime_loop::tests::coding_noncorrectable_argument_rejection_closes_without_authority ... ok
test runtime_loop::tests::coding_parser_rejection_resume_preserves_failure_budget_and_never_replays ... ok
test runtime_loop::tests::coding_read_rejection_is_retained_without_authority_effect_or_evidence ... ok
test runtime_loop::tests::coding_read_rejection_resumes_from_canonical_checkpoint_without_replay ... ok
test runtime_loop::tests::coding_second_parser_rejection_exhausts_without_dispatch_or_budget_increase ... ok
test runtime_loop::tests::coding_write_cannot_use_read_rejection_recovery ... ok
test runtime_loop::tests::context_token_binding_precedes_model_dispatch_and_effects ... ok
test runtime_loop::tests::ctx_finish_projects_stable_content_free_host_failure_codes ... ok
test runtime_loop::tests::durable_callback_rejects_all_terminal_value_substitutions_before_publication ... ok
test runtime_loop::tests::durable_callback_rejects_changed_checkpoint_and_ignored_duplicate ... ok
test runtime_loop::tests::durable_callback_rejects_changed_evaluation_and_ignored_duplicate ... ok
test runtime_loop::tests::durable_callback_rejects_changed_protected_resolution_and_ignored_duplicate ... ok
test runtime_loop::tests::durable_callback_rejects_ignored_duplicate_terminal_builder ... ok
test runtime_loop::tests::durable_callback_valid_publications_keep_complete_artifacts_and_success ... ok
test runtime_loop::tests::durable_large_model_output_is_artifact_backed_and_event_referenced ... ok
test runtime_loop::tests::durable_mode_persists_ordered_session_events_before_terminal_return ... ok
test runtime_loop::tests::durable_mode_remains_unavailable_without_journal_and_resume_ports ... ok
test runtime_loop::tests::durable_start_is_live_after_commit_before_body_and_is_not_published_twice ... ok
test runtime_loop::tests::durable_start_observation_cannot_be_omitted_duplicated_or_substituted ... ok
test runtime_loop::tests::durable_terminal_execution_cannot_differ_from_event_builder_input ... ok
test runtime_loop::tests::durable_tool_outputs_use_only_the_declared_closed_artifact_kind ... ok
test runtime_loop::tests::durable_tool_receipt_commits_before_its_bound_large_artifact ... ok
test runtime_loop::tests::durable_tool_stream_candidates_preserve_full_stdout_and_small_stderr_separately ... ok
test runtime_loop::tests::ephemeral_mode_cannot_accidentally_attach_a_durable_journal ... ok
test runtime_loop::tests::failed_advancement_preserves_first_error_before_and_after_owned_publication ... ok
test runtime_loop::tests::failed_tool_preserves_large_stderr_artifact_before_terminal_completion ... ok
test runtime_loop::tests::non_success_small_output_is_durable_audit_not_success_evidence ... ok
test runtime_loop::tests::recorded_artifact_allowance_keeps_fixed_caps_and_checked_arithmetic ... ok
test runtime_journal::tests::story_21_2_process_stop_matrix_preserves_one_truthful_replay ... ok
test runtime_loop::tests::recorded_nine_tool_coding_run_has_room_for_required_artifacts ... ok
test runtime_loop::tests::recorded_context_and_result_pressure_close_without_effects_or_false_success ... ok
test runtime_loop::tests::replayed_stale_and_unhonored_selections_never_write ... ok
test runtime_loop::tests::run_phase_deadline_tests::controlled_preparation_tests::controlled_dispatch_retains_accounting_before_latched_stop_and_no_effect ... ok
test runtime_loop::tests::rejected_approval_input_preserves_the_pending_challenge_for_a_valid_response ... ok
test runtime_loop::tests::run_phase_deadline_tests::controlled_preparation_tests::controlled_preparation_failed_probe_remains_failure_without_cancellation_evidence ... ok
test runtime_loop::tests::run_phase_deadline_tests::controlled_preparation_tests::controlled_preparation_preserves_dependency_and_cleanup_failure_over_cancellation ... ok
test runtime_loop::tests::run_phase_deadline_tests::controlled_preparation_tests::controlled_preparation_refuses_foreign_or_invented_stop_evidence ... ok
test runtime_loop::tests::run_phase_deadline_tests::controlled_preparation_tests::controlled_preparation_retains_the_exact_one_shot_signal_at_every_phase ... ok
test runtime_loop::tests::run_phase_deadline_tests::controlled_preparation_tests::controlled_preparation_success_keeps_one_original_run_budget_and_request_digests ... ok
test runtime_loop::tests::run_phase_deadline_tests::controlled_preparation_tests::controlled_preparation_stops_each_phase_before_generation_or_effect ... ok
test runtime_loop::tests::run_phase_deadline_tests::run_deadline_checkpoint_resume_keeps_original_start_and_cannot_dispatch_after_expiry ... ok
test runtime_loop::tests::run_phase_deadline_tests::run_deadline_expired_context_never_binds_or_dispatches_model ... ok
test runtime_loop::tests::run_phase_deadline_tests::run_deadline_clock_regression_between_pending_polls_fails_closed ... ok
test runtime_loop::tests::run_phase_deadline_tests::run_deadline_expiring_during_token_binding_never_dispatches_model ... ok
test runtime_loop::tests::run_phase_deadline_tests::run_deadline_expired_pending_invalid_response_preserves_challenge ... ok
test runtime_loop::tests::run_phase_deadline_tests::run_deadline_late_completion_cannot_enter_verifier_or_succeed ... ok
test runtime_loop::tests::run_phase_deadline_tests::run_deadline_foreign_or_failed_probe_cannot_become_cancellation_or_resume ... ok
test runtime_loop::tests::run_phase_deadline_tests::run_deadline_late_tool_keeps_its_real_receipt_before_exhaustion ... ok
test runtime_loop::tests::run_phase_deadline_tests::run_deadline_late_tool_proposal_never_enters_authority_evaluation ... ok
test runtime_loop::tests::run_phase_deadline_tests::run_deadline_ordinary_verifier_success_remains_available ... ok
test runtime_loop::tests::run_phase_deadline_tests::run_deadline_model_requests_receive_only_decreasing_remaining_time ... ok
test runtime_loop::tests::run_phase_deadline_tests::run_deadline_permission_evaluation_cannot_spend_time_then_launch ... ok
test runtime_loop::tests::run_phase_deadline_tests::run_deadline_pending_poll_terminates_after_original_budget ... ok
test runtime_loop::tests::run_phase_deadline_tests::run_deadline_recovery_accepts_only_exact_current_or_legacy_request_digest ... ok
test runtime_loop::tests::run_phase_deadline_tests::run_deadline_resolution_that_consumes_remaining_time_cannot_launch ... ok
test runtime_loop::tests::run_phase_deadline_tests::run_deadline_phase_cancellation_stops_before_further_work ... ok
test runtime_loop::tests::run_phase_deadline_tests::run_deadline_token_callback_keeps_the_original_one_shot_signal ... ok
test runtime_loop::tests::run_phase_deadline_tests::run_deadline_verifier_result_after_expiry_is_not_success ... ok
test runtime_loop::tests::run_phase_deadline_tests::run_deadline_valid_allow_after_run_expiry_never_executes ... ok
test runtime_loop::tests::story_11_2_changed_source_parser_policy_model_plan_tool_and_environment_block_resume ... ok
test runtime_loop::tests::story_22_5_durable_prepared_source_checkpoint_resumes_without_replaying_effect ... ok
test runtime_loop::tests::story_23_3_profile_failure_after_tool_receipt_never_switches_or_replays ... ok
test runtime_loop::tests::story_23_4_ask_pauses_before_effect_and_exact_allow_resumes_once ... ok
test runtime_loop::tests::story_23_4_cancellation_wins_over_a_pending_allow_response ... ok
test runtime_loop::tests::story_23_4_deny_closes_without_launching_the_tool ... ok
test runtime_loop::tests::story_23_4_direct_answer_is_verifier_backed_and_streamed_in_exact_order ... ok
test runtime_loop::tests::story_23_4_ephemeral_runtime_profile_is_bounded ... ok
test runtime_loop::tests::story_23_4_expired_allow_is_rejected_before_worker_launch ... ok
test runtime_loop::tests::story_23_4_malformed_model_result_fails_closed_with_terminal_evidence ... ok
test runtime_loop::tests::story_23_4_model_dependency_failures_close_without_effect_or_retry ... ok
test runtime_loop::tests::story_23_4_model_or_classifier_claims_cannot_mint_success ... ok
test runtime_loop::tests::story_23_4_publication_failure_matrix_stops_without_hidden_effect_or_retry ... ok
test runtime_loop::tests::story_23_4_read_only_mode_rejects_stateful_or_command_catalogs ... ok
test runtime_loop::tests::story_23_4_repeat_no_progress_and_turn_budgets_stop_truthfully ... ok
test runtime_loop::tests::story_23_4_runtime_events_exclude_raw_model_and_tool_canaries ... ok
test runtime_loop::tests::story_23_4_terminal_tool_failures_have_one_receipt_and_no_hidden_retry ... ok
test runtime_loop::tests::story_48_2_controlled_write_accepts_only_truthful_changed_tool_results ... ok
test runtime_loop::tests::story_48_2_controlled_write_mode_uses_the_same_ephemeral_coordinator_boundary ... ok
test runtime_loop::tests::story_48_2_runtime_action_ids_are_precomputable_stable_and_sequence_bound ... ok
test runtime_loop::tests::story_50_2_controlled_write_requires_every_bound_resource_budget ... ok
test runtime_loop::tests::story_50_2_cumulative_budget_overage_is_non_mutating ... ok
test runtime_loop::tests::story_50_2_durable_restore_rejects_usage_drift ... ok
test runtime_loop::tests::story_50_2_event_and_artifact_overage_is_non_mutating ... ok
test runtime_loop::tests::story_50_2_peak_memory_and_failure_ceilings_are_non_mutating ... ok
test runtime_loop::tests::story_50_2_subscription_capacity_is_bounded_by_count_and_bytes ... ok
test runtime_loop::tests::suspension_tests::a_cancellation_at_the_same_boundary_wins_over_a_suspension ... ok
test runtime_loop::tests::suspension_tests::a_suspension_is_consulted_only_at_committed_boundaries ... ok
test runtime_loop::tests::suspension_tests::an_applied_suspension_stops_at_the_committed_boundary_and_resumes_from_its_cursor ... ok
test runtime_loop::tests::story_21_2_durable_model_progress_and_cancellation_survive_delayed_sqlcipher ... ok
test runtime_loop::tests::the_tool_boundary_and_context_are_readable_only_once_the_run_has_its_outcome ... ok
test runtime_loop::tests::tool_cancellation_event_budget_is_reserved_before_effect_admission ... ok
test runtime_loop::tests::tool_cancellation_ack_failure_never_discards_receipt_or_claims_terminal ... ok
test runtime_loop::tests::tool_output_kind_must_match_payload_and_cannot_claim_model_output ... ok
test runtime_loop::tests::uncertain_read_boundary_rejects_output_artifacts_and_identity_drift ... ok
test runtime_loop::tests::uncertain_read_closes_all_admitted_modes_without_output_or_hidden_retry ... ok
test runtime_loop::tests::uncertain_state_does_not_admit_read_only_effects_or_known_terminal_mismatches ... ok
test runtime_loop::tests::uncertain_cleanup_and_late_success_are_not_rewritten_as_clean_cancellation ... ok
test runtime_loop::tests::uncertain_terminal_publication_cannot_be_relabelled_as_cancellation ... ok
test runtime_projection::tests::story_21_2_sensitive_canaries_are_excluded_or_restricted_in_every_projection ... ok
test runtime_projection::tests::story_50_2_collection_overage_and_binding_drift_are_non_mutating ... ok
test runtime_projection::tests::story_50_2_metrics_and_diagnostics_are_content_free_event_bound_and_bounded ... ok
test runtime_projection::tests::story_50_2_safe_mode_and_restricted_events_never_collect_optional_telemetry ... ok
test runtime_projection::tests::story_21_2_projection_runtime_has_no_external_telemetry_dependency ... ok
test runtime_projection::tests::story_50_2_transcript_projection_obeys_opt_in_safe_mode_sensitivity_and_budget ... ok
test runtime_recovery::tests::story_50_2_consumed_or_uncertain_effect_is_never_replayed ... ok
test runtime_recovery::tests::story_50_2_every_boundary_selects_one_closed_safe_action ... ok
test runtime_recovery::tests::story_50_2_incoherent_observations_fail_closed_before_recovery ... ok
test runtime_recovery::tests::story_50_2_missing_stale_or_invalid_durable_evidence_enters_safe_mode ... ok
test runtime_recovery::tests::story_50_2_restart_failures_never_fall_through_to_resume ... ok
test runtime_recovery::tests::story_50_2_restart_result_mapping_is_exhaustive ... ok
test runtime_recovery::tests::story_50_2_terminal_result_requires_exact_proof_and_no_pending_authority ... ok
test runtime_recovery::tests::story_50_2_write_recovery_plan_is_composed_without_gaining_authority ... ok
test runtime_projection::tests::story_50_2_verified_runtime_exchange_projects_valid_non_authoritative_turns ... ok
test s012_it01::s_012_it01_budget_and_status_cadence_are_exact ... ok
test s012_it01::s_012_it01_fake_boundaries_are_inert_and_bounded ... ok
test s012_it01::s_012_it01_reasoning_modes_change_capacity_only ... ok
test s012_it01::s_012_it01_fixed_tasks_have_identical_mode_receipts ... ok
test s012_rt01::s_012_rt01_finalization_never_converts_cancellation_into_success ... ok
test s012_rt01::s_012_rt01_first_signal_late_descendants_and_cleanup_remain_sticky ... ok
test s012_rt01::s_012_rt01_interrupts_every_named_stage_and_cleans_once ... ok
test s012_rt01::s_012_rt01_replacement_cancels_plan_and_every_descendant ... ok
test s012_rt01::s_012_rt01_status_query_does_not_interrupt_but_status_render_observes_cancellation ... ok
test s012_it01::s_012_it01_receipts_are_byte_reproducible ... ok
test s012_ut02::s_012_ut02_authority_seeking_plan_and_call_cannot_authorize_execution ... ok
test s012_ut02::s_012_ut02_exact_contradictions_produce_an_explicit_unknown_result ... ok
test s012_ut02::s_012_ut02_false_malformed_and_contradictory_plans_are_inert ... ok
test s012_ut02::s_012_ut02_plan_repair_is_bounded_and_exhaustion_becomes_unknown ... ok
test scheduled_authority::tests::sprint_91_any_mutable_state_drift_stops_execution ... ok
test s012_ut02::s_012_ut02_tool_repair_is_bounded_and_corrected_calls_still_safe_stop ... ok
test scheduled_authority::tests::sprint_91_live_judgment_and_destructive_effects_are_denied ... ok
test scheduled_authority::tests::sprint_91_prior_configuration_is_not_live_activation ... ok
test scheduled_authority::tests::sprint_91_only_allowlisted_repeatable_effects_are_predeclarable ... ok
test scheduled_authority::tests::sprint_91_unknown_effect_blocks_blind_retry ... ok
test scheduled_authority::tests::sprint_91_self_modification_and_inactive_controls_are_denied ... ok
test service_catalog::tests::descriptors_never_grant_authority ... ok
test service_catalog::tests::exact_entity_is_valid ... ok
test service_catalog::tests::extensions_remain_inert ... ok
test service_catalog::tests::resolved_links_require_provider_evidence ... ok
test session_environment::tests::exact_environment_captures_every_required_binding_deterministically ... ok
test session_environment::tests::duplicate_and_oversized_workspace_or_attachment_sets_fail_closed ... ok
test session_environment::tests::permission_and_model_profiles_come_only_from_loaded_configuration ... ok
test session_environment::tests::session_capture_is_descriptive_and_cannot_grant_authority ... ok
test session_environment::tests::malformed_time_timezone_repository_and_branch_fail_closed ... ok
test session_environment::tests::workspace_and_repository_drift_fail_before_capture ... ok
test source_lifecycle::tests::stale_revision_and_active_hold_roll_back_without_runtime_reference_drift ... ok
test source_preparation::tests::story_22_3_cancellation_limits_and_persistence_binding_fail_before_publication ... ok
test source_preparation::tests::story_22_3_context_accounts_every_source_section_duplicate_restriction_and_budget ... ok
test source_preparation::tests::story_22_3_declared_encodings_are_exact_and_binary_or_lossy_input_fails ... ok
test source_preparation::tests::story_22_3_growing_log_refresh_preserves_append_line_identity_and_detects_rotation ... ok
test source_preparation::tests::story_22_3_persisted_restart_release_and_delete_are_exact_and_fail_closed ... ok

running 1 test
test source_preparation::tests::story_22_3_process_stop_publishes_no_partial_source_and_exact_restart_recovers ... ok
test source_preparation::tests::story_22_3_source_preparation_crash_child ... ignored, subprocess stop target; invoked only by the Story 22.3 crash/restart test
test source_preparation::tests::story_22_3_text_and_log_preparation_preserves_provenance_and_clusters ... ok
test source_lifecycle::tests::refresh_hold_expiry_delete_and_collection_are_atomic_and_reference_safe ... ok
test strict_local::tests::every_normal_component_is_denied_except_the_selected_guarded_adapter ... ok
test strict_local::tests::every_undeclared_destination_class_is_blocked ... ok
test strict_local::tests::ledger_is_ordered_content_free_bounded_and_computes_its_own_decision ... ok
test strict_local::tests::ledger_rejects_missing_executable_identity_and_hashes_every_retained_fact ... ok
test strict_local::tests::native_and_docker_transports_cannot_substitute_for_each_other ... ok
test strict_local::tests::only_the_exact_authenticated_inference_observation_is_allowed ... ok
test strict_local::tests::storage_policy_rejects_every_risky_or_unknown_observation ... ok
test strict_local::tests::strict_local_offline_proof_accepts_each_exact_terminal_artifact_state ... ok
test strict_local::tests::strict_local_offline_proof_enforces_one_way_lifecycle_and_freshness ... ok
test strict_local::tests::strict_local_offline_proof_identity_is_deterministic_and_fact_bound ... ok
test strict_local::tests::strict_local_offline_proof_rejects_every_artifact_mismatch ... ok
test strict_local::tests::strict_local_offline_proof_rejects_invalid_ledger_boundaries ... ok
test strict_local::tests::strict_local_offline_proof_rejects_missing_boundaries_and_observed_activity ... ok
test strict_local::tests::strict_local_offline_proof_rejects_remaining_acquisition_authority ... ok
test supply_chain_evidence::tests::changed_source_is_stale ... ok
test supply_chain_evidence::tests::conflicting_findings_are_preserved ... ok
test supply_chain_evidence::tests::exact_subject_and_assurance_are_required ... ok
test task_classification::tests::complexity_thresholds_are_exact_and_do_not_change_risk ... ok
test task_classification::tests::every_intent_is_stable_descriptive_and_never_authority ... ok
test task_classification::tests::intent_changes_identity_but_never_risk_or_required_authority ... ok
test task_classification::tests::invalid_packet_fails_without_classification_or_authority ... ok
test task_classification::tests::risk_is_derived_only_from_authority_class_and_reversibility ... ok
test telemetry_correlation::tests::bounded_query_and_identity_are_valid ... ok
test telemetry_correlation::tests::cardinality_and_secret_fail_closed ... ok
test telemetry_correlation::tests::inference_is_not_causation ... ok
test telemetry_correlation::tests::telemetry_never_grants_operations ... ok
test tests::dependency_points_toward_contracts ... ok
test tiered_command_audit::tests::audit_boundary_has_no_canonical_or_content_authority ... ok
test tiered_command_audit::tests::every_terminal_trigger_clears_authority ... ok
test tiered_command_audit::tests::level_intersection_never_broadens ... ok
test tiered_command_audit::tests::owner_requires_every_fresh_user_control ... ok
test tool_call_repair::tests::model_repair_is_single_profile_bound_and_never_an_effect_attempt ... ok
test tool_call_repair::tests::normalization_is_ordered_bounded_and_does_not_invent_values ... ok
test tool_composition::tests::story_16_3_all_terminal_states_are_explicit_and_never_false_complete ... ok
test tool_composition::tests::story_16_3_crash_boundaries_restore_one_uncertain_terminal_without_replay ... ok
test tool_composition::tests::story_16_3_duplicate_calls_and_failed_consumption_never_launch ... ok
test tool_composition::tests::story_16_3_every_preflight_drift_fails_before_attempt_or_worker ... ok
test tool_composition::tests::story_16_3_post_approval_preflight_policy_and_grant_drift_start_no_worker ... ok
test tool_composition::tests::story_16_3_preflight_policy_grant_launch_verify_and_cleanup_order_is_exact ... ok
test tool_composition::tests::story_16_3_receipt_verification_and_cleanup_gaps_force_noncompletion ... ok
test tool_composition::tests::story_16_3_registers_all_exact_preflights_and_maps_every_visible_tool ... ok
test tool_observation::tests::story_16_4_all_ten_terminal_states_emit_one_closed_observation ... ok
test tool_observation::tests::story_16_4_complete_outputs_are_separate_content_addressed_and_excerpts_are_bounded_redacted ... ok
test tool_observation::tests::story_16_4_crash_race_pipe_and_uncertainty_never_infer_success ... ok
test tool_observation::tests::story_16_4_duplicate_mismatch_forgery_and_missing_artifacts_fail_closed ... ok
test tool_observation::tests::story_16_4_every_measured_resource_ceiling_fails_closed_before_publication ... ok
test tool_observation::tests::story_16_4_live_local_process_output_closes_through_the_same_assembler ... ok
test tool_observation::tests::story_16_4_output_and_excerpt_boundaries_fail_before_publication ... ok
test tool_observation::tests::story_16_4_restart_restore_rejects_duplicate_corruption_and_replay ... ok
test tool_observation::tests::story_16_4_tampered_observation_cannot_claim_more_than_measured ... ok
test tooling::tests::authority_claims_in_registered_metadata_cannot_change_dispatch_denial ... ok
test tooling::tests::common_argument_validation_binds_the_exact_registered_schema ... ok
test tooling::tests::duplicate_and_invalid_definitions_fail_closed ... ok
test tooling::tests::every_proposal_origin_has_an_exact_zero_execution_receipt ... ok
test tooling::tests::every_registered_operation_maps_exactly_once_and_untrusted_classes_fail_closed ... ok
test tooling::tests::mismatched_schema_hash_media_json_and_registration_fail_closed ... ok
test tooling::tests::pre_grant_dispatcher_never_executes_and_returns_typed_terminal_results ... ok
test tooling::tests::registry_freezes_exact_versions_and_lists_in_stable_order ... ok
test tooling::tests::repeated_call_guard_is_exact_bounded_and_non_authoritative ... ok
test tooling::tests::repeated_call_guard_restores_content_free_enforcement_state ... ok
test tooling::tests::tool_specific_validation_runs_before_dispatch_and_cannot_execute ... ok
test trusted_audit_contract::tests::authority_union_fails ... ok
test trusted_audit_contract::tests::coverage_never_hides_omission ... ok
test trusted_audit_contract::tests::exact_capability_passes ... ok
test trusted_audit_contract::tests::model_memory_has_no_authority ... ok
test update_maintenance::tests::downgrade_tamper_incompatibility_and_remote_check_fail_closed ... ok
test update_maintenance::tests::exact_offline_package_stages_after_fresh_approval ... ok
test update_maintenance::tests::maintenance_requires_complete_closure_and_current_unsuppressed_review ... ok
test update_maintenance::tests::stale_or_missing_activation_approval_cannot_mutate ... ok
test validation_result::tests::controls_secret_output_parser_bombs_and_injected_artifacts_never_pass ... ok
test validation_result::tests::exact_separate_rerun_requires_failed_idempotent_registered_template ... ok
test validation_result::tests::failure_classification_uses_permission_baseline_change_and_flake_evidence_order ... ok
test validation_result::tests::parser_preserves_every_terminal_result_state_without_false_green ... ok
test validation_result::tests::required_artifacts_partial_coverage_and_receipt_mutation_fail_closed ... ok
test validation_template::tests::all_validation_kinds_register_with_exact_command_scope_parser_and_provenance ... ok
test validation_template::tests::focused_selection_uses_only_exact_mapped_templates_and_marks_missing_kinds_unverified ... ok
test validation_template::tests::substitutions_unknown_flags_untrusted_sources_and_unsafe_reruns_fail_closed ... ok
test vendor_observability::tests::cross_tenant_and_cost_overrun_fail_closed ... ok
test vendor_observability::tests::exact_bounded_preview_is_valid ... ok
test vendor_observability::tests::observe_authority_refuses_every_write ... ok
test vendor_observability::tests::vendor_extensions_cannot_be_guessed ... ok
test verified_artifact::tests::fifty_thousand_character_paste_round_trips_exactly ... ok
test verified_artifact::tests::missing_reordered_duplicate_and_mutated_chunks_fail_closed ... ok
test verified_artifact::tests::paste_nul_is_explicitly_denied ... ok
test verified_context::tests::small_sources_inline_and_large_sources_remain_exactly_retrievable ... ok
test verified_workflow_supervisor::tests::repeated_transient_state_exhausts_no_progress_budget ... ok
test verified_workflow_supervisor::tests::retry_reusing_authority_bearing_identities_is_denied ... ok
test verified_workflow_supervisor::tests::safe_interruption_resumes_without_replaying_completed_steps_and_rejects_tampering ... ok
test verified_workflow_supervisor::tests::stale_preflight_oversize_evidence_and_false_success_fail_closed ... ok
test verified_workflow_supervisor::tests::three_dependency_steps_complete_in_definition_order ... ok
test verified_workflow_supervisor::tests::transient_read_retries_with_fresh_lineage_and_prior_attempt_binding ... ok
test verified_workflow_supervisor::tests::uncertainty_cancellation_and_resource_failure_never_false_complete ... ok
test web_research_safety::tests::downloads_stay_inert_until_separate_admission ... ok
test web_research_safety::tests::inference_requires_visible_uncertainty ... ok
test web_research_safety::tests::public_worker_has_no_private_authority ... ok
test work_packet::tests::complete_transition_matrix_matches_the_closed_state_machine ... ok
test work_packet::tests::completion_requires_each_check_and_required_evidence_class ... ok
test work_packet::tests::every_lifecycle_state_has_one_valid_closed_fixture ... ok
test work_packet::tests::field_validation_is_bounded_deterministic_and_redacted ... ok
test work_packet::tests::history_appends_exact_revisions_without_overwrite ... ok
test work_packet::tests::history_rejects_every_revision_failure_without_mutation ... ok
test work_packet::tests::plan_adaptation_is_deterministic_sequential_and_revision_bound ... ok
test workflow_authority::tests::every_layer_can_narrow_but_no_single_layer_can_aggregate_privilege ... ok
test workflow_authority::tests::missing_duplicate_and_noncanonical_layers_fail_closed ... ok
test workflow_authority::tests::retained_intersection_cannot_broaden_or_enable_unattended_approval ... ok
test workflow_authority::tests::seven_layers_can_only_narrow_authority ... ok
test workflow_budget::tests::checked_arithmetic_and_total_budget_fail_without_partial_consumption ... ok
test workflow_budget::tests::content_identity_is_immutable_and_substitution_is_denied ... ok
test workflow_budget::tests::every_dimension_is_separate_and_every_error_class_is_exact ... ok
test workflow_budget::tests::missing_or_duplicate_error_classes_cannot_form_a_policy ... ok
test workflow_progress::tests::fingerprint_is_deterministic_complete_and_boundary_preserving ... ok
test workflow_progress::tests::incomplete_malformed_or_oversized_state_fails_closed ... ok
test workflow_progress::tests::non_adjacent_repeated_state_stops_at_the_exact_policy_limit ... ok
test workflow_progress::tests::policy_identity_is_immutable_and_substitution_changes_nothing ... ok
test workflow_resume::tests::story_11_3_budget_and_terminal_state_are_absorbing ... ok
test workflow_resume::tests::story_11_3_current_checkpoint_is_the_only_dispatch_permitting_result ... ok
test workflow_resume::tests::story_11_3_every_identity_family_invalidates_resume_transitively ... ok
test workflow_resume::tests::story_11_3_malformed_or_mismatched_durable_records_fail_closed ... ok
test workflow_resume::tests::story_11_3_uncertain_or_completed_effect_never_replays ... ok
test workflow_termination::tests::every_policy_denial_has_one_exact_safe_nonexecuting_action ... ok
test workflow_termination::tests::exhausted_and_saturated_budgets_are_inert_and_do_not_change_usage ... ok
test workflow_termination::tests::only_exact_repeated_state_stop_terminates_and_detector_remains_unchanged ... ok
test workflow_termination::tests::story_5_2_declared_budget_or_no_progress_terminates_once_without_effect ... ok
test workflow_termination::tests::terminal_output_has_no_caller_text_identity_or_authority_surface ... ok
test write_approval::selective::tests::accepting_every_hunk_is_the_proposal_and_rejecting_every_hunk_is_the_preimage ... ok
test write_approval::selective::tests::drift_non_text_and_bounds_are_refused ... ok
test write_approval::selective::tests::each_subset_applies_exactly_the_accepted_hunks ... ok
test write_approval::selective::tests::identities_are_stable_and_bound_to_the_exact_pair ... ok
test write_approval::selective::tests::randomized_pairs_round_trip_and_subsets_compose_their_ranges ... ok
test write_approval::selective::tests::rendering_accepts_any_context_value_without_overflow ... ok
test write_approval::selective::tests::rendering_escapes_every_reordering_invisible_and_separator_character ... ok
test write_approval::selective::tests::rendering_is_bounded_escaped_and_marks_missing_newlines ... ok
test write_approval::tests::changed_preimage_invalidates_the_single_use_grant ... ok
test write_approval::tests::changed_preview_decision_expiry_and_policy_cannot_issue_authority ... ok
test write_approval::tests::classifications_and_expanded_scope_require_exact_separate_review ... ok
test write_approval::tests::fresh_preimages_validate_without_consuming_or_writing ... ok
test write_approval::tests::line_endings_accept_only_the_exact_declared_form ... ok
test write_approval::tests::shadow_change_preview_and_grant_bind_every_exact_input ... ok
test write_approval::tests::stale_partial_excluded_generated_duplicate_and_invalid_proposals_fail_closed ... ok
test write_recovery::tests::audit_reports_exact_safe_files_and_redacts_secret_like_paths ... ok
test write_recovery::tests::checkpoint_chain_detects_mutation_and_terminal_extension ... ok
test write_recovery::tests::checkpoint_schema_accepts_every_state_and_rejects_ambiguous_completion ... ok
test write_recovery::tests::orphan_inventory_is_attributable_and_cleanup_is_single_use ... ok
test write_recovery::tests::privacy_gate_covers_every_boundary_without_retaining_removed_values ... ok
test write_recovery::tests::restart_matrix_never_replays_a_consumed_or_completed_write ... ok
test write_transaction::tests::changed_preimage_invalidates_before_driver_apply ... ok
test write_transaction::tests::durable_checkpoint_failure_stops_before_write_driver_apply ... ok
test write_transaction::tests::ordered_partial_failure_restores_changed_prefix_and_supersedes_later_work ... ok
test write_transaction::tests::preeffect_failure_changes_nothing_and_postimage_mismatch_restores_everything ... ok
test write_transaction::tests::rollback_is_a_fresh_reversed_request_and_later_user_change_refuses_it ... ok
test write_transaction::tests::s_029_st01_consumed_grant_and_approval_replay_never_reapply ... ok
test write_transaction::tests::s_029_ut02_every_post_preview_binding_mutation_is_inert ... ok
test write_transaction::tests::successful_atomic_write_consumes_once_verifies_and_requires_separate_checks ... ok
test write_transaction::tests::transition_matrix_and_receipt_tampering_fail_closed ... ok
test write_transaction::tests::uncertain_malformed_and_failed_restoration_never_claim_commit_or_retry ... ok
test source_preparation::tests::story_22_3_twenty_five_mib_log_is_bounded_and_visibly_truncated ... ok
test runtime_journal::tests::story_21_3_every_new_correctness_event_survives_before_and_after_process_stop ... ok
test operational_store::tests::seeded_crash_recovery_campaign_never_repeats_a_completed_transition has been running for over 60 seconds
test operational_store::tests::seeded_crash_recovery_campaign_never_repeats_a_completed_transition ... ok

test result: ok. 1362 passed; 0 failed; 7 ignored; 0 measured; 0 filtered out; finished in 90.97s

     Running tests/adversarial_grant_corpus.rs (target/debug/deps/adversarial_grant_corpus-56c2c291005c6bac)

running 1 test
test adversarial_grant_corpus_denies_every_seeded_case ... ok

test result: ok. 1 passed; 0 failed; 0 ignored; 0 measured; 0 filtered out; finished in 0.35s

     Running tests/authority_escalation_matrix.rs (target/debug/deps/authority_escalation_matrix-1d35cecc8eac4a50)

running 1 test
test every_producer_and_escalation_kind_is_denied_with_actor_attribution ... ok

test result: ok. 1 passed; 0 failed; 0 ignored; 0 measured; 0 filtered out; finished in 0.00s

     Running tests/boundary_workflow.rs (target/debug/deps/boundary_workflow-0763e8462d798883)

running 1 test
test success_and_every_failure_class_preserve_boundary_context ... ok

test result: ok. 1 passed; 0 failed; 0 ignored; 0 measured; 0 filtered out; finished in 0.00s

     Running tests/command_injection_corpus.rs (target/debug/deps/command_injection_corpus-96fb8646b8e88c01)

running 1 test
test retained_command_injection_corpus_fails_closed ... ok

test result: ok. 1 passed; 0 failed; 0 ignored; 0 measured; 0 filtered out; finished in 0.00s

     Running tests/dependency_degradation.rs (target/debug/deps/dependency_degradation-0b41c11af9f7bcef)

running 7 tests
test every_dependency_family_is_classified_and_available ... ok
test fresh_narrower_stronger_same_kind_substitute_is_explicitly_selected ... ok
test inventory_and_exact_identity_drift_never_silently_omit ... ok
test optional_loss_remains_permitted_but_never_silent ... ok
test required_optional_disabled_and_quarantined_loss_are_visible ... ok
test missing_stale_hidden_cross_kind_or_weaker_substitution_is_denied ... ok
test every_dependency_health_and_requirement_class_has_one_deterministic_disposition ... ok

test result: ok. 7 passed; 0 failed; 0 ignored; 0 measured; 0 filtered out; finished in 0.00s

     Running tests/display_link_authority.rs (target/debug/deps/display_link_authority-3183945eaf6ee601)

running 1 test
test generated_display_links_are_rejected_by_every_runtime_authority_boundary ... ok

test result: ok. 1 passed; 0 failed; 0 ignored; 0 measured; 0 filtered out; finished in 0.01s

     Running tests/engineering_runtime_record_corpus.rs (target/debug/deps/engineering_runtime_record_corpus-e1a8fee3763d0eff)

running 4 tests
test cyclic_and_stale_records_fail_at_their_exact_trusted_boundaries ... ok
test borrowed_record_boundary_matches_the_canonical_contract_encoder_for_every_family ... ok
test valid_records_round_trip_with_exact_cross_language_canonical_bytes ... ok
test every_declared_schema_failure_fails_before_canonical_publication ... ok

test result: ok. 4 passed; 0 failed; 0 ignored; 0 measured; 0 filtered out; finished in 0.00s

     Running tests/grant_race_replay.rs (target/debug/deps/grant_race_replay-c2bf19d0e955e0a1)

running 1 test
test race_and_replay_preserve_exactly_once_admission_and_effect_bounds ... ok

test result: ok. 1 passed; 0 failed; 0 ignored; 0 measured; 0 filtered out; finished in 0.01s

     Running tests/grant_review_fixtures.rs (target/debug/deps/grant_review_fixtures-f39a9d9ea513dfc1)

running 1 test
test approval_and_denial_review_fixtures_match_kernel_behavior ... ok

test result: ok. 1 passed; 0 failed; 0 ignored; 0 measured; 0 filtered out; finished in 0.00s

     Running tests/grant_stale_dispatch.rs (target/debug/deps/grant_stale_dispatch-6655190128ba9428)

running 1 test
test post_approval_changes_fail_at_final_consumption_before_worker_start ... ok

test result: ok. 1 passed; 0 failed; 0 ignored; 0 measured; 0 filtered out; finished in 0.00s

     Running tests/platform_adapter_conformance.rs (target/debug/deps/platform_adapter_conformance-dfbfdc9850767ddd)

running 2 tests
test signed_platform_identity_is_never_portable_between_adapters ... ok
test fedora_and_ubuntu_use_identical_trust_and_adapter_semantics ... ok

test result: ok. 2 passed; 0 failed; 0 ignored; 0 measured; 0 filtered out; finished in 0.01s

     Running tests/repository_safety_matrix.rs (target/debug/deps/repository_safety_matrix-977b1de1fa35ee44)

running 2 tests
test fixed_repository_mutation_corpus_fails_closed ... ok
test ten_thousand_protected_manifest_mutations_have_zero_acceptance ... ok

test result: ok. 2 passed; 0 failed; 0 ignored; 0 measured; 0 filtered out; finished in 2.33s

     Running tests/retry_admission.rs (target/debug/deps/retry_admission-62d14a6aec0f9677)

running 13 tests
test conditional_retry_requires_current_safe_effect_reconciliation ... ok
test complete_prior_use_ledger_denies_every_replayed_identity_and_any_receipt ... ok
test every_attempt_identity_field_mutation_denies_before_dispatch ... ok
test every_preflight_and_reconciliation_field_mutation_denies_before_dispatch ... ok
test fresh_attempt_requires_current_preflight_remaining_budget_and_single_use_grant ... ok
test per_attempt_approval_must_be_current_exact_and_different_from_prior ... ok
test every_effect_failure_and_budget_mutation_denies_before_dispatch ... ok
test required_idempotency_key_must_be_fresh_and_digest_bound ... ok
test story_22_4_recovery_fresh_attempt_composes_only_through_existing_admission ... ok
test every_approval_field_mutation_denies_before_dispatch ... ok
test unsafe_and_uncertain_effects_never_receive_automatic_new_attempts ... ok
test racing_eligible_attempts_execute_once_and_uncertainty_is_sticky ... ok
test story_5_2_prior_effect_recovery_never_replays_authority_or_unsafe_effect ... ok

test result: ok. 13 passed; 0 failed; 0 ignored; 0 measured; 0 filtered out; finished in 0.01s

     Running tests/workflow_budget_independence.rs (target/debug/deps/workflow_budget_independence-e051a35e39b8b099)

running 3 tests
test each_exhausted_repair_dimension_denies_without_touching_other_usage ... ok
test parser_model_attempt_replan_repeat_and_total_limits_are_independent ... ok
test invalid_repairs_and_total_work_exhaustion_return_no_admission_and_no_partial_charge ... ok

test result: ok. 3 passed; 0 failed; 0 ignored; 0 measured; 0 filtered out; finished in 0.00s

     Running tests/workflow_definition.rs (target/debug/deps/workflow_definition-9289ebbbd5c8954a)

running 8 tests
test admits_an_exact_closed_graph_and_exposes_no_execution_authority ... ok
test definition_digest_and_exact_entry_frontier_fail_closed ... ok
test dependency_order_and_non_executable_steps_are_denied ... ok
test policy_set_must_be_exact_and_identity_unique ... ok
test terminal_state_family_is_closed_and_nonterminal_states_do_not_leak_into_it ... ok
test preflight_postcondition_and_policy_integrity_mutations_are_denied ... ok
test every_step_policy_surface_is_bound_to_the_definition ... ok
test effect_classes_require_conservative_approval_and_idempotency_policy ... ok

test result: ok. 8 passed; 0 failed; 0 ignored; 0 measured; 0 filtered out; finished in 0.00s

     Running tests/workflow_identity.rs (target/debug/deps/workflow_identity-304ed0f5ab07c9f8)

running 9 tests
test approvals_receipts_and_verifications_are_fresh_single_issue_identities ... ok
test issues_the_complete_identity_chain_without_execution_authority ... ok
test every_pre_effect_identity_is_globally_fresh_and_failed_issue_is_atomic ... ok
test policy_tampering_cannot_enable_a_retry ... ok
test concurrent_duplicate_issue_has_exactly_one_winner ... ok
test automatic_retry_is_forbidden_for_every_high_or_unknown_effect ... ok
test ordinals_predecessors_and_terminal_order_are_exact ... ok
test required_once_approval_is_fresh_initially_and_not_reissued_automatically ... ok
test uncertain_effects_cannot_open_a_successor_until_safely_reconciled ... ok

test result: ok. 9 passed; 0 failed; 0 ignored; 0 measured; 0 filtered out; finished in 0.00s

     Running tests/workflow_verifier.rs (target/debug/deps/workflow_verifier-204c979953d9da6b)

running 7 tests
test all_seven_non_success_states_remain_exact_and_diagnostic ... ok
test exact_current_deterministic_evidence_is_admitted_without_authority ... ok
test every_postcondition_invariant_and_prohibited_effect_is_fail_closed ... ok
test malformed_non_success_cannot_collapse_into_a_success_or_generic_failure ... ok
test changed_and_unchanged_verified_evidence_resolve_to_distinct_success_states ... ok
test expected_output_state_observation_receipt_and_evidence_bind_independently ... ok
test exit_zero_persuasive_output_and_tampered_results_never_establish_completion ... ok

test result: ok. 7 passed; 0 failed; 0 ignored; 0 measured; 0 filtered out; finished in 0.00s

     Running tests/write_recovery_matrix.rs (target/debug/deps/write_recovery_matrix-890f5a0284eee806)

running 4 tests
test crash_and_concurrency_matrix_preserves_conflicts_and_never_replays ... ok
test cancellation_timeout_crash_and_rollback_failure_have_closed_recovery ... ok
test durable_and_temporary_inventory_exposes_no_inaccessible_orphan ... ok
test secret_canaries_are_absent_from_every_write_boundary_output ... ok

test result: ok. 4 passed; 0 failed; 0 ignored; 0 measured; 0 filtered out; finished in 0.00s

   Doc-tests agentmage_kernel_engine

running 13 tests
test kernel/engine/src/authority_transaction.rs - authority_transaction::EffectAuthorization (line 170) - compile fail ... ok
test kernel/engine/src/research_dispatch.rs - research_dispatch::ResearchDispatch (line 36) - compile fail ... ok
test kernel/engine/src/authority_transaction.rs - authority_transaction::EffectAuthorization (line 186) - compile fail ... ok
test kernel/engine/src/authority_transaction.rs - authority_transaction::EffectAuthorization (line 177) - compile fail ... ok
test kernel/engine/src/research_dispatch.rs - research_dispatch::ResearchDispatch (line 41) - compile fail ... ok
test kernel/engine/src/research_dispatch.rs - research_dispatch::ResearchDispatch (line 52) - compile fail ... ok
test kernel/engine/src/research_fetch.rs - research_fetch::PublicGetWorkerPacket (line 153) - compile fail ... ok
test kernel/engine/src/research_dispatch.rs - research_dispatch::ResearchDispatch (line 46) - compile fail ... ok
test kernel/engine/src/research_retrieval.rs - research_retrieval::CanonicalPublicGetSource (line 107) - compile fail ... ok
test kernel/engine/src/research_report.rs - research_report::CanonicalResearchReport (line 101) - compile fail ... ok
test kernel/engine/src/research_report.rs - research_report::CanonicalResearchReport (line 97) - compile fail ... ok
test kernel/engine/src/research_retrieval.rs - research_retrieval::CanonicalPublicGetSource (line 111) - compile fail ... ok
test kernel/engine/src/research_retrieval.rs - research_retrieval::CanonicalPublicGetSource (line 95) - compile fail ... ok

test result: ok. 13 passed; 0 failed; 0 ignored; 0 measured; 0 filtered out; finished in 0.15s

